"collection_schema","uid","name","desc","date","colors","emoji"
"collection","12","Linux Commands","","1786479228","0",
"packs_schema","uid","name","desc","date","colors","collection","emoji"
"packs","70","General CLI","","1786479228","0","12",
"cards_schema","uid","front","back","pack","known","date","notes","last_repetition"
"cards","8093","What command lists PCI devices in a system?",".","70","0","1786479228","**What command lists PCI devices in a system?** answer: lspci","0"
"cards","8094","What command lists USB devices in a system?",".","70","0","1786479228","**What command lists USB devices in a system?** answer: lsusb","0"
"cards","8095","What directory contains virtual files representing system hardware and kernel info?",".","70","0","1786479228","**What directory contains virtual files representing system hardware and kernel info?** answer: /sys","0"
"cards","8096","What directory contains device special files representing hardware nodes?",".","70","0","1786479228","**What directory contains device special files representing hardware nodes?** answer: /dev","0"
"cards","8097","What command loads a kernel module along with its dependencies?",".","70","0","1786479228","**What command loads a kernel module along with its dependencies?** answer: modprobe","0"
"cards","8098","What command unloads a kernel module?",".","70","0","1786479228","**What command unloads a kernel module?** answer: rmmod","0"
"cards","8099","What command lists currently loaded kernel modules?",".","70","0","1786479228","**What command lists currently loaded kernel modules?** answer: lsmod","0"
"cards","8100","What command displays detailed hardware information extracted from sysfs?",".","70","0","1786479228","**What command displays detailed hardware information extracted from sysfs?** answer: lshw","0"
"cards","8101","What command queries block devices such as hard drives and partitions?",".","70","0","1786479228","**What command queries block devices such as hard drives and partitions?** answer: lsblk","0"
"cards","8102","What command reports filesystem disk space usage and block device mounts?",".","70","0","1786479228","**What command reports filesystem disk space usage and block device mounts?** answer: df","0"
"cards","8103","What file in /proc contains CPU architecture and model details?",".","70","0","1786479228","**What file in /proc contains CPU architecture and model details?** answer: /proc/cpuinfo","0"
"cards","8104","What file in /proc contains RAM and memory usage statistics?",".","70","0","1786479228","**What file in /proc contains RAM and memory usage statistics?** answer: /proc/meminfo","0"
"cards","8105","What command shows kernel ring buffer messages related to hardware detection?",".","70","0","1786479228","**What command shows kernel ring buffer messages related to hardware detection?** answer: dmesg","0"
"cards","8106","What tool examines the partition table and disk geometry of a block device?",".","70","0","1786479228","**What tool examines the partition table and disk geometry of a block device?** answer: fdisk -l","0"
"cards","8107","What command modifies kernel parameters at runtime or views sysctl settings?",".","70","0","1786479228","**What command modifies kernel parameters at runtime or views sysctl settings?** answer: sysctl","0"
"cards","8108","What command maps universally unique identifiers (UUIDs) or labels to block devices?",".","70","0","1786479228","**What command maps universally unique identifiers (UUIDs) or labels to block devices?** answer: blkid","0"
"cards","8109","What command displays PCI devices in a detailed tree format?",".","70","0","1786479228","**What command displays PCI devices in a detailed tree format?** answer: lspci -t","0"
"cards","8110","What command displays USB devices in a detailed tree format?",".","70","0","1786479228","**What command displays USB devices in a detailed tree format?** answer: lsusb -t","0"
"cards","8111","What command creates a device special file manually?",".","70","0","1786479228","**What command creates a device special file manually?** answer: mknod","0"
"cards","8112","What subsystem provides a structured interface from the kernel to user space for device information?",".","70","0","1786479228","**What subsystem provides a structured interface from the kernel to user space for device information?** answer: sysfs","0"
"cards","8113","What file system is mounted at /proc to provide kernel and process information?",".","70","0","1786479228","**What file system is mounted at /proc to provide kernel and process information?** answer: procfs","0"
"cards","8114","What command outputs detailed information about a specific PCI device using its slot address?",".","70","0","1786479228","**What command outputs detailed information about a specific PCI device using its slot address?** answer: lspci -v","0"
"cards","8115","What command forces the kernel to re-read partition tables without rebooting?",".","70","0","1786479228","**What command forces the kernel to re-read partition tables without rebooting?** answer: partprobe","0"
"cards","8116","What utility manages dynamic device nodes in the /dev directory in Debian Trixie?",".","70","0","1786479228","**What utility manages dynamic device nodes in the /dev directory in Debian Trixie?** answer: udev","0"
"cards","8117","What configuration directory houses custom udev rule files?",".","70","0","1786479228","**What configuration directory houses custom udev rule files?** answer: /etc/udev/rules.d/","0"
"cards","8118","What command checks the status of a specific systemd-modules-load service or kernel module status?",".","70","0","1786479228","**What command checks the status of a specific systemd-modules-load service or kernel module status?** answer: modinfo","0"
"cards","8119","What command displays the vendor and device ID codes for PCI hardware components?",".","70","0","1786479228","**What command displays the vendor and device ID codes for PCI hardware components?** answer: lspci -n","0"
"cards","8120","What command filters dmesg output specifically for hardware errors or warnings?",".","70","0","1786479228","**What command filters dmesg output specifically for hardware errors or warnings?** answer: dmesg | grep -i error","0"
"cards","8121","What command monitors hardware sensors like temperature and fan speeds (if lm-sensors is installed)?",".","70","0","1786479228","**What command monitors hardware sensors like temperature and fan speeds (if lm-sensors is installed)?** answer: sensors","0"
"cards","8122","What command reports block device discard (TRIM) capabilities and alignment?",".","70","0","1786479228","**What command reports block device discard (TRIM) capabilities and alignment?** answer: lsblk --discard","0"
"cards","8123","What command lists all active interrupt requests (IRQs) used by hardware?",".","70","0","1786479228","**What command lists all active interrupt requests (IRQs) used by hardware?** answer: cat /proc/interrupts","0"
"cards","8124","What command displays direct memory access (DMA) channel allocations?",".","70","0","1786479228","**What command displays direct memory access (DMA) channel allocations?** answer: cat /proc/dma","0"
"cards","8125","What command lists active I/O port address ranges assigned to hardware devices?",".","70","0","1786479228","**What command lists active I/O port address ranges assigned to hardware devices?** answer: cat /proc/ioports","0"
"cards","8126","What file stores permanent kernel module configuration options loaded at boot?",".","70","0","1786479228","**What file stores permanent kernel module configuration options loaded at boot?** answer: /etc/modules","0"
"cards","8127","What directory contains configuration files for autoloading specific kernel modules?",".","70","0","1786479228","**What directory contains configuration files for autoloading specific kernel modules?** answer: /etc/modules-load.d/","0"
"cards","8128","What command tests a udev rule syntax or simulates its execution?",".","70","0","1786479228","**What command tests a udev rule syntax or simulates its execution?** answer: udevadm test","0"
"cards","8129","What command triggers udev to replay events for existing devices to populate /dev?",".","70","0","1786479228","**What command triggers udev to replay events for existing devices to populate /dev?** answer: udevadm trigger","0"
"cards","8130","What command reloads udev rules without restarting the system?",".","70","0","1786479228","**What command reloads udev rules without restarting the system?** answer: udevadm control --reload","0"
"cards","8131","What command displays the event queue of udev while hardware is being plugged in?",".","70","0","1786479228","**What command displays the event queue of udev while hardware is being plugged in?** answer: udevadm monitor","0"
"cards","8132","What utility retrieves device identifiers and properties for udev rule writing?",".","70","0","1786479228","**What utility retrieves device identifiers and properties for udev rule writing?** answer: udevadm info","0"
"cards","8133","What tool displays detailed power management and hardware status for batteries and ACPI?",".","70","0","1786479228","**What tool displays detailed power management and hardware status for batteries and ACPI?** answer: acpi","0"
"cards","8134","What file lists the devices currently mounted via swap space?",".","70","0","1786479228","**What file lists the devices currently mounted via swap space?** answer: /proc/swaps","0"
"cards","8135","What command displays information about block device queue parameters and limits?",".","70","0","1786479228","**What command displays information about block device queue parameters and limits?** answer: lsblk -D","0"
"cards","8136","What command shows detailed PCI bus topology and bridge information?",".","70","0","1786479228","**What command shows detailed PCI bus topology and bridge information?** answer: lspci -tv","0"
"cards","8137","What command prints the full path to a kernel module file?",".","70","0","1786479228","**What command prints the full path to a kernel module file?** answer: modinfo -F filename","0"
"cards","8138","What command displays parameters accepted by a specific kernel module?",".","70","0","1786479228","**What command displays parameters accepted by a specific kernel module?** answer: modinfo -p","0"
"cards","8139","What command lists modules that depend on a specific target module?",".","70","0","1786479228","**What command lists modules that depend on a specific target module?** answer: modinfo -F depends","0"
"cards","8140","What command queries hardware block device serial numbers and model names?",".","70","0","1786479228","**What command queries hardware block device serial numbers and model names?** answer: udevadm info --query=property --name=/dev/sda","0"
"cards","8141","What command checks whether a specific driver module is built-in or loaded?",".","70","0","1786479228","**What command checks whether a specific driver module is built-in or loaded?** answer: lsmod | grep module_name","0"
"cards","8142","What command displays system firmware (BIOS/UEFI) details from the kernel?",".","70","0","1786479228","**What command displays system firmware (BIOS/UEFI) details from the kernel?** answer: dmidecode","0"
"cards","8143","What command-line utility installs, configures, or updates the GRUB bootloader on a storage device?",".","70","0","1786479228","**What command-line utility installs, configures, or updates the GRUB bootloader on a storage device?** answer: grub-install","0"
"cards","8144","What command updates the GRUB configuration file based on settings in /etc/default/grub and scripts in /etc/grub.d/?",".","70","0","1786479228","**What command updates the GRUB configuration file based on settings in /etc/default/grub and scripts in /etc/grub.d/?** answer: update-grub","0"
"cards","8145","What file serves as the primary template configuration file for the GRUB bootloader in Debian?",".","70","0","1786479228","**What file serves as the primary template configuration file for the GRUB bootloader in Debian?** answer: /etc/default/grub","0"
"cards","8146","What directory contains the script files used to generate the main GRUB configuration file?",".","70","0","1786479228","**What directory contains the script files used to generate the main GRUB configuration file?** answer: /etc/grub.d/","0"
"cards","8147","What file is the final, generated GRUB configuration file read during system startup?",".","70","0","1786479228","**What file is the final, generated GRUB configuration file read during system startup?** answer: /boot/grub/grub.cfg","0"
"cards","8148","What command displays messages logged by the kernel during the boot process?",".","70","0","1786479228","**What command displays messages logged by the kernel during the boot process?** answer: dmesg","0"
"cards","8149","What log file records system boot events, service startups, and runtime messages via systemd?",".","70","0","1786479228","**What log file records system boot events, service startups, and runtime messages via systemd?** answer: /var/log/journal/","0"
"cards","8150","What command-line tool views and filters systemd journal entries?",".","70","0","1786479228","**What command-line tool views and filters systemd journal entries?** answer: journalctl","0"
"cards","8151","What boot method relies on legacy motherboard firmware, reading the Master Boot Record (MBR) from sector 0 of a disk?",".","70","0","1786479228","**What boot method relies on legacy motherboard firmware, reading the Master Boot Record (MBR) from sector 0 of a disk?** answer: BIOS","0"
"cards","8152","What modern motherboard firmware standard uses an EFI system partition (ESP) to boot operating systems?",".","70","0","1786479228","**What modern motherboard firmware standard uses an EFI system partition (ESP) to boot operating systems?** answer: UEFI","0"
"cards","8153","What is the standard filesystem format for an EFI System Partition (ESP)?",".","70","0","1786479228","**What is the standard filesystem format for an EFI System Partition (ESP)?** answer: FAT32","0"
"cards","8154","What file contains the manual or persistent boot options passed to the Linux kernel by GRUB?",".","70","0","1786479228","**What file contains the manual or persistent boot options passed to the Linux kernel by GRUB?** answer: /boot/grub/grub.cfg","0"
"cards","8155","What command checks the integrity and status of the systemd journal files?",".","70","0","1786479228","**What command checks the integrity and status of the systemd journal files?** answer: journalctl --verify","0"
"cards","8156","What command forces journalctl to display logs starting from the previous boot session?",".","70","0","1786479228","**What command forces journalctl to display logs starting from the previous boot session?** answer: journalctl -b -1","0"
"cards","8157","What command lists all available boot identification keys or boot sessions in the journal?",".","70","0","1786479228","**What command lists all available boot identification keys or boot sessions in the journal?** answer: journalctl --list-boots","0"
"cards","8158","What key tool manages modern system startup, acting as PID 1 in Debian Trixie?",".","70","0","1786479228","**What key tool manages modern system startup, acting as PID 1 in Debian Trixie?** answer: systemd","0"
"cards","8159","What command shows the current default systemd boot target?",".","70","0","1786479228","**What command shows the current default systemd boot target?** answer: systemctl get-default","0"
"cards","8160","What command changes the default systemd boot target to a multi-user text mode?",".","70","0","1786479228","**What command changes the default systemd boot target to a multi-user text mode?** answer: systemctl set-default multi-user.target","0"
"cards","8161","What command changes the default systemd boot target to a graphical mode?",".","70","0","1786479228","**What command changes the default systemd boot target to a graphical mode?** answer: systemctl set-default graphical.target","0"
"cards","8162","What tool inspects the execution time and performance bottlenecks of systemd startup services?",".","70","0","1786479228","**What tool inspects the execution time and performance bottlenecks of systemd startup services?** answer: systemd-analyze","0"
"cards","8163","What systemd-analyze subcommand shows a detailed tree of service initialization times?",".","70","0","1786479228","**What systemd-analyze subcommand shows a detailed tree of service initialization times?** answer: systemd-analyze blame","0"
"cards","8164","What command plots a graphical SVG timeline of the system boot process using systemd-analyze?",".","70","0","1786479228","**What command plots a graphical SVG timeline of the system boot process using systemd-analyze?** answer: systemd-analyze plot > boot.svg","0"
"cards","8165","What file system directory stores kernel images and initial RAM disk files in Debian?",".","70","0","1786479228","**What file system directory stores kernel images and initial RAM disk files in Debian?** answer: /boot","0"
"cards","8166","What file represents the initial RAM disk loaded by the bootloader to provide early drivers?",".","70","0","1786479228","**What file represents the initial RAM disk loaded by the bootloader to provide early drivers?** answer: initrd.img","0"
"cards","8167","What command generates or updates an initial RAM disk image for installed kernels?",".","70","0","1786479228","**What command generates or updates an initial RAM disk image for installed kernels?** answer: update-initramfs","0"
"cards","8168","What command lists kernels installed on the Debian system alongside their versions?",".","70","0","1786479228","**What command lists kernels installed on the Debian system alongside their versions?** answer: dpkg -l | grep linux-image","0"
"cards","8169","What parameter in /etc/default/grub sets the timeout duration before the default OS boots?",".","70","0","1786479228","**What parameter in /etc/default/grub sets the timeout duration before the default OS boots?** answer: GRUB_TIMEOUT","0"
"cards","8170","What parameter in /etc/default/grub hides the boot menu by default unless a key is pressed?",".","70","0","1786479228","**What parameter in /etc/default/grub hides the boot menu by default unless a key is pressed?** answer: GRUB_HIDDEN_TIMEOUT","0"
"cards","8171","What boot parameter passed to the kernel forces it into rescue or single-user mode?",".","70","0","1786479228","**What boot parameter passed to the kernel forces it into rescue or single-user mode?** answer: single","0"
"cards","8172","What command shows the current active systemd target or runlevel?",".","70","0","1786479228","**What command shows the current active systemd target or runlevel?** answer: systemctl get-default","0"
"cards","8173","What command changes the default systemd boot target to multi-user (text) mode?",".","70","0","1786479228","**What command changes the default systemd boot target to multi-user (text) mode?** answer: systemctl set-default multi-user.target","0"
"cards","8174","What command changes the default systemd boot target to graphical mode?",".","70","0","1786479228","**What command changes the default systemd boot target to graphical mode?** answer: systemctl set-default graphical.target","0"
"cards","8175","What command switches the active systemd target immediately to multi-user mode without rebooting?",".","70","0","1786479228","**What command switches the active systemd target immediately to multi-user mode without rebooting?** answer: systemctl isolate multi-user.target","0"
"cards","8176","What command switches the active systemd target immediately to graphical mode?",".","70","0","1786479228","**What command switches the active systemd target immediately to graphical mode?** answer: systemctl isolate graphical.target","0"
"cards","8177","What systemd target corresponds to legacy SysVinit runlevel 0 (halt/shutdown)?",".","70","0","1786479228","**What systemd target corresponds to legacy SysVinit runlevel 0 (halt/shutdown)?** answer: poweroff.target","0"
"cards","8178","What systemd target corresponds to legacy SysVinit runlevel 6 (reboot)?",".","70","0","1786479228","**What systemd target corresponds to legacy SysVinit runlevel 6 (reboot)?** answer: reboot.target","0"
"cards","8179","What systemd target corresponds to legacy SysVinit runlevel 1 (single-user/rescue mode)?",".","70","0","1786479228","**What systemd target corresponds to legacy SysVinit runlevel 1 (single-user/rescue mode)?** answer: rescue.target","0"
"cards","8180","What systemd target corresponds to multi-user text-mode without networking in SysVinit terms?",".","70","0","1786479228","**What systemd target corresponds to multi-user text-mode without networking in SysVinit terms?** answer: multi-user.target","0"
"cards","8181","What systemd target corresponds to graphical multi-user mode with display manager?",".","70","0","1786479228","**What systemd target corresponds to graphical multi-user mode with display manager?** answer: graphical.target","0"
"cards","8182","What command shuts down the system immediately?",".","70","0","1786479228","**What command shuts down the system immediately?** answer: shutdown now","0"
"cards","8183","What command schedules a system shutdown with a warning message in 10 minutes?",".","70","0","1786479228","**What command schedules a system shutdown with a warning message in 10 minutes?** answer: shutdown +10 'System maintenance incoming'","0"
"cards","8184","What command cancels a pending scheduled shutdown command?",".","70","0","1786479228","**What command cancels a pending scheduled shutdown command?** answer: shutdown -c","0"
"cards","8185","What command halts the system immediately without powering off the hardware?",".","70","0","1786479228","**What command halts the system immediately without powering off the hardware?** answer: halt","0"
"cards","8186","What command powers off the system immediately?",".","70","0","1786479228","**What command powers off the system immediately?** answer: poweroff","0"
"cards","8187","What command reboots the system immediately?",".","70","0","1786479228","**What command reboots the system immediately?** answer: reboot","0"
"cards","8188","What command sends a warning broadcast message to all logged-in users?",".","70","0","1786479228","**What command sends a warning broadcast message to all logged-in users?** answer: wall","0"
"cards","8189","What command queries who is currently logged into the system and what they are doing?",".","70","0","1786479228","**What command queries who is currently logged into the system and what they are doing?** answer: w","0"
"cards","8190","What command displays a list of currently logged-in users?",".","70","0","1786479228","**What command displays a list of currently logged-in users?** answer: who","0"
"cards","8191","What command shows the last login times of users?",".","70","0","1786479228","**What command shows the last login times of users?** answer: last","0"
"cards","8192","What file maps traditional SysVinit runlevels to systemd targets?",".","70","0","1786479228","**What file maps traditional SysVinit runlevels to systemd targets?** answer: /etc/systemd/system/default.target","0"
"cards","8193","What command lists all available systemd targets on the system?",".","70","0","1786479228","**What command lists all available systemd targets on the system?** answer: systemctl list-units --type=target","0"
"cards","8194","What command inspects whether a specific systemd target unit is active?",".","70","0","1786479228","**What command inspects whether a specific systemd target unit is active?** answer: systemctl is-active multi-user.target","0"
"cards","8195","What command checks whether a systemd target is enabled to run at boot?",".","70","0","1786479228","**What command checks whether a systemd target is enabled to run at boot?** answer: systemctl is-enabled graphical.target","0"
"cards","8196","What command forces a reboot immediately, bypassing normal service shutdown procedures?",".","70","0","1786479228","**What command forces a reboot immediately, bypassing normal service shutdown procedures?** answer: reboot -f","0"
"cards","8197","What command halts the system and invokes a kernel panic or immediate stop?",".","70","0","1786479228","**What command halts the system and invokes a kernel panic or immediate stop?** answer: halt -f","0"
"cards","8198","What command halts the system and requests ACPI power down?",".","70","0","1786479228","**What command halts the system and requests ACPI power down?** answer: poweroff -p","0"
"cards","8199","What command signals init to shut down the system via SysVinit compatibility?",".","70","0","1786479228","**What command signals init to shut down the system via SysVinit compatibility?** answer: telinit 0","0"
"cards","8200","What command signals init to switch to single-user mode via SysVinit compatibility?",".","70","0","1786479228","**What command signals init to switch to single-user mode via SysVinit compatibility?** answer: telinit 1","0"
"cards","8201","What command lists running processes and their parent process IDs during shutdown?",".","70","0","1786479228","**What command lists running processes and their parent process IDs during shutdown?** answer: pstree","0"
"cards","8202","What systemd utility safely manages emergency shell execution when system startup fails?",".","70","0","1786479228","**What systemd utility safely manages emergency shell execution when system startup fails?** answer: sulogin","0"
"cards","8203","What command shuts down the system at a specific time, such as 23:30?",".","70","0","1786479228","**What command shuts down the system at a specific time, such as 23:30?** answer: shutdown 23:30","0"
"cards","8204","What parameter passed to shutdown forces a file system check upon the next reboot?",".","70","0","1786479228","**What parameter passed to shutdown forces a file system check upon the next reboot?** answer: shutdown -F","0"
"cards","8205","What parameter prevents a file system check from running on reboot?",".","70","0","1786479228","**What parameter prevents a file system check from running on reboot?** answer: shutdown -f","0"
"cards","8206","What command queries the hardware real-time clock (RTC) status?",".","70","0","1786479228","**What command queries the hardware real-time clock (RTC) status?** answer: hwclock","0"
"cards","8207","What command synchronizes the system clock with the hardware RTC?",".","70","0","1786479228","**What command synchronizes the system clock with the hardware RTC?** answer: hwclock --systohc","0"
"cards","8208","What command synchronizes the hardware RTC with the system clock?",".","70","0","1786479228","**What command synchronizes the hardware RTC with the system clock?** answer: hwclock --hctosys","0"
"cards","8209","What file stores configuration settings for system timezone in Debian?",".","70","0","1786479228","**What file stores configuration settings for system timezone in Debian?** answer: /etc/timezone","0"
"cards","8210","What command interactively reconfigures the system timezone settings?",".","70","0","1786479228","**What command interactively reconfigures the system timezone settings?** answer: dpkg-reconfigure tzdata","0"
"cards","8211","What command displays current date, time, and time zone configurations via systemd?",".","70","0","1786479228","**What command displays current date, time, and time zone configurations via systemd?** answer: timedatectl","0"
"cards","8212","What command changes the system timezone using timedatectl?",".","70","0","1786479228","**What command changes the system timezone using timedatectl?** answer: timedatectl set-timezone Europe/Berlin","0"
"cards","8213","What command enables network time synchronization using timedatectl?",".","70","0","1786479228","**What command enables network time synchronization using timedatectl?** answer: timedatectl set-ntp true","0"
"cards","8214","What command lists available timezones using timedatectl?",".","70","0","1786479228","**What command lists available timezones using timedatectl?** answer: timedatectl list-timezones","0"
"cards","8215","What command shows the current status of wall-clock time and NTP synchronization?",".","70","0","1786479228","**What command shows the current status of wall-clock time and NTP synchronization?** answer: timedatectl status","0"
"cards","8216","What command logs a custom message into the systemd journal logs?",".","70","0","1786479228","**What command logs a custom message into the systemd journal logs?** answer: logger 'System maintenance complete'","0"
"cards","8217","What command installs a local .deb package file?",".","70","0","1786479228","**What command installs a local .deb package file?** answer: dpkg -i","0"
"cards","8218","What command removes an installed package while keeping its configuration files?",".","70","0","1786479228","**What command removes an installed package while keeping its configuration files?** answer: dpkg -r","0"
"cards","8219","What command removes a package and purges its configuration files?",".","70","0","1786479228","**What command removes a package and purges its configuration files?** answer: dpkg -P","0"
"cards","8220","What command lists all installed packages on the system via dpkg?",".","70","0","1786479228","**What command lists all installed packages on the system via dpkg?** answer: dpkg -l","0"
"cards","8221","What command shows which package owns a specific file path on the system?",".","70","0","1786479228","**What command shows which package owns a specific file path on the system?** answer: dpkg -S","0"
"cards","8222","What command lists all files installed by a specific package name?",".","70","0","1786479228","**What command lists all files installed by a specific package name?** answer: dpkg -L","0"
"cards","8223","What command configures an unpacked but unconfigured package?",".","70","0","1786479228","**What command configures an unpacked but unconfigured package?** answer: dpkg --configure","0"
"cards","8224","What command updates the local APT package lists from repositories?",".","70","0","1786479228","**What command updates the local APT package lists from repositories?** answer: apt update","0"
"cards","8225","What command upgrades all currently installed packages to their newest versions?",".","70","0","1786479228","**What command upgrades all currently installed packages to their newest versions?** answer: apt upgrade","0"
"cards","8226","What command performs a smart upgrade that handles changing dependencies with new packages?",".","70","0","1786479228","**What command performs a smart upgrade that handles changing dependencies with new packages?** answer: apt full-upgrade","0"
"cards","8227","What command installs a new package from configured repositories?",".","70","0","1786479228","**What command installs a new package from configured repositories?** answer: apt install","0"
"cards","8228","What command removes a package while leaving configuration files intact using APT?",".","70","0","1786479228","**What command removes a package while leaving configuration files intact using APT?** answer: apt remove","0"
"cards","8229","What command removes a package and purges its configuration files using APT?",".","70","0","1786479228","**What command removes a package and purges its configuration files using APT?** answer: apt purge","0"
"cards","8230","What command searches for packages matching a keyword in name or description?",".","70","0","1786479228","**What command searches for packages matching a keyword in name or description?** answer: apt search","0"
"cards","8231","What command displays detailed metadata and description of a package?",".","70","0","1786479228","**What command displays detailed metadata and description of a package?** answer: apt show","0"
"cards","8232","What command cleans the local repository cache of retrieved package files (.deb)?",".","70","0","1786479228","**What command cleans the local repository cache of retrieved package files (.deb)?** answer: apt clean","0"
"cards","8233","What command removes older obsolete package files from the local cache?",".","70","0","1786479228","**What command removes older obsolete package files from the local cache?** answer: apt autoclean","0"
"cards","8234","What command automatically removes orphaned packages that were installed as dependencies?",".","70","0","1786479228","**What command automatically removes orphaned packages that were installed as dependencies?** answer: apt autoremove","0"
"cards","8235","What command checks for broken dependencies among installed packages?",".","70","0","1786479228","**What command checks for broken dependencies among installed packages?** answer: apt-get check","0"
"cards","8236","What file lists the software repository sources for APT?",".","70","0","1786479228","**What file lists the software repository sources for APT?** answer: /etc/apt/sources.list","0"
"cards","8237","What directory contains additional repository source list snippets in Debian?",".","70","0","1786479228","**What directory contains additional repository source list snippets in Debian?** answer: /etc/apt/sources.list.d/","0"
"cards","8238","What command-line tool provides a text-based interface for managing APT packages?",".","70","0","1786479228","**What command-line tool provides a text-based interface for managing APT packages?** answer: aptitude","0"
"cards","8239","What low-level tool manages package dependencies and database queries in Debian?",".","70","0","1786479228","**What low-level tool manages package dependencies and database queries in Debian?** answer: dpkg-query","0"
"cards","8240","What command verifies the integrity of files installed by a package against the dpkg database?",".","70","0","1786479228","**What command verifies the integrity of files installed by a package against the dpkg database?** answer: dpkg -V","0"
"cards","8241","What command displays the current status of a package in the dpkg database?",".","70","0","1786479228","**What command displays the current status of a package in the dpkg database?** answer: dpkg -s","0"
"cards","8242","What command lists contents of an uninstalled local .deb file without installing it?",".","70","0","1786479228","**What command lists contents of an uninstalled local .deb file without installing it?** answer: dpkg -c","0"
"cards","8243","What command extracts the control information files from a local .deb package?",".","70","0","1786479228","**What command extracts the control information files from a local .deb package?** answer: dpkg -e","0"
"cards","8244","What environment variable can be set to avoid interactive prompts during apt installations?",".","70","0","1786479228","**What environment variable can be set to avoid interactive prompts during apt installations?** answer: DEBIAN_FRONTEND=noninteractive","0"
"cards","8245","What command displays package change logs (changelog) for an installed package?",".","70","0","1786479228","**What command displays package change logs (changelog) for an installed package?** answer: apt-changelog","0"
"cards","8246","What command downloads a .deb package file to the current directory without installing it?",".","70","0","1786479228","**What command downloads a .deb package file to the current directory without installing it?** answer: apt download","0"
"cards","8247","What command displays the dependency tree for a specified package?",".","70","0","1786479228","**What command displays the dependency tree for a specified package?** answer: apt-cache depends","0"
"cards","8248","What command shows packages that depend on a specific target package?",".","70","0","1786479228","**What command shows packages that depend on a specific target package?** answer: apt-cache rdepends","0"
"cards","8249","What command queries package cache statistics such as total package counts?",".","70","0","1786479228","**What command queries package cache statistics such as total package counts?** answer: apt-cache stats","0"
"cards","8250","What configuration file sets default behaviors or options for APT operations?",".","70","0","1786479228","**What configuration file sets default behaviors or options for APT operations?** answer: /etc/apt/apt.conf","0"
"cards","8251","What command lists dynamic shared library dependencies for an executable or library file?",".","70","0","1786479228","**What command lists dynamic shared library dependencies for an executable or library file?** answer: ldd","0"
"cards","8252","What configuration file specifies the default paths where dynamic linker searches for shared libraries?",".","70","0","1786479228","**What configuration file specifies the default paths where dynamic linker searches for shared libraries?** answer: /etc/ld.so.conf","0"
"cards","8253","What command updates the shared library cache based on configurations in /etc/ld.so.conf?",".","70","0","1786479228","**What command updates the shared library cache based on configurations in /etc/ld.so.conf?** answer: ldconfig","0"
"cards","8254","What environment variable temporarily overrides the search path for dynamic shared libraries at runtime?",".","70","0","1786479228","**What environment variable temporarily overrides the search path for dynamic shared libraries at runtime?** answer: LD_LIBRARY_PATH","0"
"cards","8255","What directory contains custom shared library configuration snippet files in Debian?",".","70","0","1786479228","**What directory contains custom shared library configuration snippet files in Debian?** answer: /etc/ld.so.conf.d/","0"
"cards","8256","What file stores the cached list of shared library paths and filenames used by the dynamic loader?",".","70","0","1786479228","**What file stores the cached list of shared library paths and filenames used by the dynamic loader?** answer: /etc/ld.so.cache","0"
"cards","8257","What command displays detailed file system statistics and block allocation block size?",".","70","0","1786479228","**What command displays detailed file system statistics and block allocation block size?** answer: tune2fs","0"
"cards","8258","What command lists mounted block devices along with their UUIDs, labels, and file system types?",".","70","0","1786479228","**What command lists mounted block devices along with their UUIDs, labels, and file system types?** answer: blkid","0"
"cards","8259","What command modifies the volume label or UUID of an ext2/ext3/ext4 filesystem?",".","70","0","1786479228","**What command modifies the volume label or UUID of an ext2/ext3/ext4 filesystem?** answer: tune2fs -L","0"
"cards","8260","What command creates an ext4 filesystem on a block device?",".","70","0","1786479228","**What command creates an ext4 filesystem on a block device?** answer: mkfs.ext4","0"
"cards","8261","What command creates an XFS filesystem on a block device?",".","70","0","1786479228","**What command creates an XFS filesystem on a block device?** answer: mkfs.xfs","0"
"cards","8262","What command checks and repairs an ext2/ext3/ext4 filesystem for consistency errors?",".","70","0","1786479228","**What command checks and repairs an ext2/ext3/ext4 filesystem for consistency errors?** answer: fsck.ext4","0"
"cards","8263","What command checks and repairs an XFS filesystem?",".","70","0","1786479228","**What command checks and repairs an XFS filesystem?** answer: xfs_repair","0"
"cards","8264","What command displays internal XFS filesystem information and block usage metrics?",".","70","0","1786479228","**What command displays internal XFS filesystem information and block usage metrics?** answer: xfs_info","0"
"cards","8265","What command adjusts the maximum mount count or interval between filesystem consistency checks?",".","70","0","1786479228","**What command adjusts the maximum mount count or interval between filesystem consistency checks?** answer: tune2fs -c","0"
"cards","8266","What command prints or changes bad block lists on an ext4 filesystem?",".","70","0","1786479228","**What command prints or changes bad block lists on an ext4 filesystem?** answer: badblocks","0"
"cards","8267","What command displays mount status and block usage for ext4 filesystems in detail?",".","70","0","1786479228","**What command displays mount status and block usage for ext4 filesystems in detail?** answer: dumpe2fs","0"
"cards","8268","What command creates a swap space partition or file?",".","70","0","1786479228","**What command creates a swap space partition or file?** answer: mkswap","0"
"cards","8269","What command enables a swap space partition or file for system use?",".","70","0","1786479228","**What command enables a swap space partition or file for system use?** answer: swapon","0"
"cards","8270","What command disables an active swap space partition or file?",".","70","0","1786479228","**What command disables an active swap space partition or file?** answer: swapoff","0"
"cards","8271","What command displays summary statistics of active swap areas and utilization?",".","70","0","1786479228","**What command displays summary statistics of active swap areas and utilization?** answer: swapon --show","0"
"cards","8272","What file configures static mount points, options, UUIDs, and filesystem types for boot?",".","70","0","1786479228","**What file configures static mount points, options, UUIDs, and filesystem types for boot?** answer: /etc/fstab","0"
"cards","8273","What file lists currently mounted filesystems dynamically in real-time?",".","70","0","1786479228","**What file lists currently mounted filesystems dynamically in real-time?** answer: /etc/mtab","0"
"cards","8274","What pseudo-file provides kernel-level status of all mounted filesystems and mount options?",".","70","0","1786479228","**What pseudo-file provides kernel-level status of all mounted filesystems and mount options?** answer: /proc/mounts","0"
"cards","8275","What option in /etc/fstab specifies that a filesystem should not be checked during boot by fsck?",".","70","0","1786479228","**What option in /etc/fstab specifies that a filesystem should not be checked during boot by fsck?** answer: 0 0","0"
"cards","8276","What mount option allows normal users to mount a specific filesystem manually?",".","70","0","1786479228","**What mount option allows normal users to mount a specific filesystem manually?** answer: user","0"
"cards","8277","What command outputs the content of a text file to standard output?",".","70","0","1786479228","**What command outputs the content of a text file to standard output?** answer: cat","0"
"cards","8278","What command outputs a text file in reverse line order?",".","70","0","1786479228","**What command outputs a text file in reverse line order?** answer: tac","0"
"cards","8279","What command concatenates files horizontally side-by-side?",".","70","0","1786479228","**What command concatenates files horizontally side-by-side?** answer: paste","0"
"cards","8280","What command merges files line by line based on a common join field?",".","70","0","1786479228","**What command merges files line by line based on a common join field?** answer: join","0"
"cards","8281","What command splits a large file into smaller fixed-size output files?",".","70","0","1786479228","**What command splits a large file into smaller fixed-size output files?** answer: split","0"
"cards","8282","What command extracts selected columns (fields) from each line of a file?",".","70","0","1786479228","**What command extracts selected columns (fields) from each line of a file?** answer: cut","0"
"cards","8283","What command translates, squeezes, or deletes characters from standard input?",".","70","0","1786479228","**What command translates, squeezes, or deletes characters from standard input?** answer: tr","0"
"cards","8284","What command counts the number of lines, words, and bytes in a file?",".","70","0","1786479228","**What command counts the number of lines, words, and bytes in a file?** answer: wc","0"
"cards","8285","What command reverses or rearranges the order of fields in each line?",".","70","0","1786479228","**What command reverses or rearranges the order of fields in each line?** answer: rev","0"
"cards","8286","What command formats text paragraphs into fixed-width lines?",".","70","0","1786479228","**What command formats text paragraphs into fixed-width lines?** answer: fmt","0"
"cards","8287","What command groups adjacent duplicate lines in a text file and counts or filters them?",".","70","0","1786479228","**What command groups adjacent duplicate lines in a text file and counts or filters them?** answer: uniq","0"
"cards","8288","What command sorts lines of text files alphanumerically or numerically?",".","70","0","1786479228","**What command sorts lines of text files alphanumerically or numerically?** answer: sort","0"
"cards","8289","What command compares two files line by line and outputs three columns (common and unique lines)?",".","70","0","1786479228","**What command compares two files line by line and outputs three columns (common and unique lines)?** answer: comm","0"
"cards","8290","What command compares two text files and outputs the line-by-line differences?",".","70","0","1786479228","**What command compares two text files and outputs the line-by-line differences?** answer: diff","0"
"cards","8291","What command applies a patch file generated by diff to an original source file?",".","70","0","1786479228","**What command applies a patch file generated by diff to an original source file?** answer: patch","0"
"cards","8292","What command searches for text patterns or regular expressions within files?",".","70","0","1786479228","**What command searches for text patterns or regular expressions within files?** answer: grep","0"
"cards","8293","What command streams text matching regular expressions using basic or extended syntax?",".","70","0","1786479228","**What command streams text matching regular expressions using basic or extended syntax?** answer: sed","0"
"cards","8294","What stream editor and pattern scanning programming language is used for text extraction and filtering?",".","70","0","1786479228","**What stream editor and pattern scanning programming language is used for text extraction and filtering?** answer: awk","0"
"cards","8295","What command outputs the first lines (default 10) of a text file?",".","70","0","1786479228","**What command outputs the first lines (default 10) of a text file?** answer: head","0"
"cards","8296","What command outputs the last lines (default 10) of a text file?",".","70","0","1786479228","**What command outputs the last lines (default 10) of a text file?** answer: tail","0"
"cards","8297","What command streams and monitors new lines appended to a growing log file in real time?",".","70","0","1786479228","**What command streams and monitors new lines appended to a growing log file in real time?** answer: tail -f","0"
"cards","8298","What command translates bytes from standard input using substitution sets?",".","70","0","1786479228","**What command translates bytes from standard input using substitution sets?** answer: dd","0"
"cards","8299","What command creates an archive or backup of files, writing to tape or disk storage?",".","70","0","1786479228","**What command creates an archive or backup of files, writing to tape or disk storage?** answer: tar","0"
"cards","8300","What command compresses files using the Lempel-Ziv coding algorithm (LZMA/LZ77)?",".","70","0","1786479228","**What command compresses files using the Lempel-Ziv coding algorithm (LZMA/LZ77)?** answer: gzip","0"
"cards","8301","What command decompresses or lists contents of files compressed with gzip?",".","70","0","1786479228","**What command decompresses or lists contents of files compressed with gzip?** answer: gunzip","0"
"cards","8302","What command compresses files using the Burrows-Wheeler block sorting text compression algorithm?",".","70","0","1786479228","**What command compresses files using the Burrows-Wheeler block sorting text compression algorithm?** answer: bzip2","0"
"cards","8303","What command decompresses bzip2 compressed files?",".","70","0","1786479228","**What command decompresses bzip2 compressed files?** answer: bunzip2","0"
"cards","8304","What modern compression utility provides higher compression ratios than gzip using LZMA2?",".","70","0","1786479228","**What modern compression utility provides higher compression ratios than gzip using LZMA2?** answer: xz","0"
"cards","8305","What command lists contents or extracts archives compressed with xz?",".","70","0","1786479228","**What command lists contents or extracts archives compressed with xz?** answer: unxz","0"
"cards","8306","What command creates or extracts ZIP format archive files?",".","70","0","1786479228","**What command creates or extracts ZIP format archive files?** answer: zip / unzip","0"
"cards","8307","What command displays a static snapshot of currently running system processes?",".","70","0","1786479228","**What command displays a static snapshot of currently running system processes?** answer: ps","0"
"cards","8308","What command displays a dynamic, real-time interactive view of running system processes and resource usage?",".","70","0","1786479228","**What command displays a dynamic, real-time interactive view of running system processes and resource usage?** answer: top","0"
"cards","8309","What modern, improved interactive process viewer provides color-coded displays and mouse support?",".","70","0","1786479228","**What modern, improved interactive process viewer provides color-coded displays and mouse support?** answer: htop","0"
"cards","8310","What command terminates a process by sending a signal based on its Process ID (PID)?",".","70","0","1786479228","**What command terminates a process by sending a signal based on its Process ID (PID)?** answer: kill","0"
"cards","8311","What command terminates processes matching a specified name or pattern rather than PID?",".","70","0","1786479228","**What command terminates processes matching a specified name or pattern rather than PID?** answer: pkill","0"
"cards","8312","What command sends signals to all processes matching a specific command name?",".","70","0","1786479228","**What command sends signals to all processes matching a specific command name?** answer: killall","0"
"cards","8313","What signal number or name represents a gentle, graceful termination request (Signal 15)?",".","70","0","1786479228","**What signal number or name represents a gentle, graceful termination request (Signal 15)?** answer: SIGTERM","0"
"cards","8314","What signal number or name represents an uncatchable, forced immediate termination (Signal 9)?",".","70","0","1786479228","**What signal number or name represents an uncatchable, forced immediate termination (Signal 9)?** answer: SIGKILL","0"
"cards","8315","What signal number or name represents a terminal hangup or reload configuration request (Signal 1)?",".","70","0","1786479228","**What signal number or name represents a terminal hangup or reload configuration request (Signal 1)?** answer: SIGHUP","0"
"cards","8316","What signal number or name represents an interrupt signal, typically sent via Ctrl+C (Signal 2)?",".","70","0","1786479228","**What signal number or name represents an interrupt signal, typically sent via Ctrl+C (Signal 2)?** answer: SIGINT","0"
"cards","8317","What command lists active background jobs and stopped tasks in the current shell session?",".","70","0","1786479228","**What command lists active background jobs and stopped tasks in the current shell session?** answer: jobs","0"
"cards","8318","What command resumes a suspended background job, running it in the background?",".","70","0","1786479228","**What command resumes a suspended background job, running it in the background?** answer: bg","0"
"cards","8319","What command brings a background or suspended job into the foreground of the terminal?",".","70","0","1786479228","**What command brings a background or suspended job into the foreground of the terminal?** answer: fg","0"
"cards","8320","What command runs a process immune to hangups, allowing it to continue running after logout?",".","70","0","1786479228","**What command runs a process immune to hangups, allowing it to continue running after logout?** answer: nohup","0"
"cards","8321","What utility executes a command periodically and displays the full-screen output repeatedly?",".","70","0","1786479228","**What utility executes a command periodically and displays the full-screen output repeatedly?** answer: watch","0"
"cards","8322","What command reports the amount of free and used virtual memory, swap, and kernel buffers?",".","70","0","1786479228","**What command reports the amount of free and used virtual memory, swap, and kernel buffers?** answer: free","0"
"cards","8323","What command reports processor resource utilization statistics and input/output bottlenecks?",".","70","0","1786479228","**What command reports processor resource utilization statistics and input/output bottlenecks?** answer: iostat","0"
"cards","8324","What command reports overall system activity metrics across CPU, memory, disks, and network?",".","70","0","1786479228","**What command reports overall system activity metrics across CPU, memory, disks, and network?** answer: sar","0"
"cards","8325","What command displays real-time CPU load averages and uptime statistics?",".","70","0","1786479228","**What command displays real-time CPU load averages and uptime statistics?** answer: uptime","0"
"cards","8326","What file in the /proc filesystem contains system uptime and idle time counters?",".","70","0","1786479228","**What file in the /proc filesystem contains system uptime and idle time counters?** answer: /proc/uptime","0"
"cards","8327","What file in the /proc filesystem details active process ID states and mappings?",".","70","0","1786479228","**What file in the /proc filesystem details active process ID states and mappings?** answer: /proc/","0"
"cards","8328","What command sets the execution priority (nice value) of a newly launched program?",".","70","0","1786479228","**What command sets the execution priority (nice value) of a newly launched program?** answer: nice","0"
"cards","8329","What FHS directory contains essential system binaries required for single-user mode and booting?",".","70","0","1786479228","**What FHS directory contains essential system binaries required for single-user mode and booting?** answer: /bin","0"
"cards","8330","What FHS directory contains system binaries and administration tools restricted to the root user?",".","70","0","1786479228","**What FHS directory contains system binaries and administration tools restricted to the root user?** answer: /sbin","0"
"cards","8331","What FHS directory contains static files required for the boot loader and kernel images?",".","70","0","1786479228","**What FHS directory contains static files required for the boot loader and kernel images?** answer: /boot","0"
"cards","8332","What FHS directory contains device special files representing hardware nodes?",".","70","0","1786479228","**What FHS directory contains device special files representing hardware nodes?** answer: /dev","0"
"cards","8333","What FHS directory contains system-wide configuration files?",".","70","0","1786479228","**What FHS directory contains system-wide configuration files?** answer: /etc","0"
"cards","8334","What FHS directory stores home directories for normal, non-root user accounts?",".","70","0","1786479228","**What FHS directory stores home directories for normal, non-root user accounts?** answer: /home","0"
"cards","8335","What FHS directory holds shared library files and kernel modules required by /bin and /sbin?",".","70","0","1786479228","**What FHS directory holds shared library files and kernel modules required by /bin and /sbin?** answer: /lib","0"
"cards","8336","What FHS directory serves as a temporary mount point for removable storage media?",".","70","0","1786479228","**What FHS directory serves as a temporary mount point for removable storage media?** answer: /media","0"
"cards","8337","What FHS directory acts as a standard mount point for locally attached temporary filesystems?",".","70","0","1786479228","**What FHS directory acts as a standard mount point for locally attached temporary filesystems?** answer: /mnt","0"
"cards","8338","What FHS directory contains optional, third-party application software packages?",".","70","0","1786479228","**What FHS directory contains optional, third-party application software packages?** answer: /opt","0"
"cards","8339","What FHS virtual directory provides a file-system interface to kernel and process data structures?",".","70","0","1786479228","**What FHS virtual directory provides a file-system interface to kernel and process data structures?** answer: /proc","0"
"cards","8340","What FHS directory holds administrative home data for the root user account?",".","70","0","1786479228","**What FHS directory holds administrative home data for the root user account?** answer: /root","0"
"cards","8341","What FHS directory contains run-time variable data, process IDs, and transient socket files?",".","70","0","1786479228","**What FHS directory contains run-time variable data, process IDs, and transient socket files?** answer: /run","0"
"cards","8342","What FHS directory stores shared binaries and libraries available to all general users?",".","70","0","1786479228","**What FHS directory stores shared binaries and libraries available to all general users?** answer: /usr","0"
"cards","8343","What FHS directory stores variable data including logs, spool files, and mail queues?",".","70","0","1786479228","**What FHS directory stores variable data including logs, spool files, and mail queues?** answer: /var","0"
"cards","8344","What FHS directory stores temporary files that can be safely cleared between reboots or maintenance?",".","70","0","1786479228","**What FHS directory stores temporary files that can be safely cleared between reboots or maintenance?** answer: /tmp","0"
"cards","8345","What subdirectory under /var contains system log files and log archives?",".","70","0","1786479228","**What subdirectory under /var contains system log files and log archives?** answer: /var/log","0"
"cards","8346","What subdirectory under /var contains temporary lock files used by system processes?",".","70","0","1786479228","**What subdirectory under /var contains temporary lock files used by system processes?** answer: /var/lock","0"
"cards","8347","What subdirectory under /var contains printer spoolers and mail queues?",".","70","0","1786479228","**What subdirectory under /var contains printer spoolers and mail queues?** answer: /var/spool","0"
"cards","8348","What file in /etc lists the types, names, and attributes of devices present in the system?",".","70","0","1786479228","**What file in /etc lists the types, names, and attributes of devices present in the system?** answer: /etc/fstab","0"
"cards","8349","What command displays file type classification (ASCII text, ELF executable, directory, etc.)?",".","70","0","1786479228","**What command displays file type classification (ASCII text, ELF executable, directory, etc.)?** answer: file","0"
"cards","8350","What tool creates a new master boot record partition table on a block device?",".","70","0","1786479228","**What tool creates a new master boot record partition table on a block device?** answer: fdisk","0"
"cards","8351","What tool creates a globally unique identifier (GPT) partition table on a storage device?",".","70","0","1786479228","**What tool creates a globally unique identifier (GPT) partition table on a storage device?** answer: gdisk","0"
"cards","8352","What command-line partitioning utility provides a curses text-user-interface for MBR disks?",".","70","0","1786479228","**What command-line partitioning utility provides a curses text-user-interface for MBR disks?** answer: cfdisk","0"
"cards","8353","What command-line partitioning utility provides a curses text-user-interface for GPT disks?",".","70","0","1786479228","**What command-line partitioning utility provides a curses text-user-interface for GPT disks?** answer: cgdisk","0"
"cards","8354","What command-line utility prints partition table layout details for block devices?",".","70","0","1786479228","**What command-line utility prints partition table layout details for block devices?** answer: parted -l","0"
"cards","8355","What tool creates a new partition table schema (such as msdos or gpt) using parted?",".","70","0","1786479228","**What tool creates a new partition table schema (such as msdos or gpt) using parted?** answer: parted /dev/sdb mklabel gpt","0"
"cards","8356","What command creates a primary partition spanning a specified sector range using parted?",".","70","0","1786479228","**What command creates a primary partition spanning a specified sector range using parted?** answer: parted /dev/sdb mkpart primary ext4 0% 100%","0"
"cards","8357","What command re-reads the kernel partition table after making changes with fdisk?",".","70","0","1786479228","**What command re-reads the kernel partition table after making changes with fdisk?** answer: partprobe","0"
"cards","8358","What utility creates swap space on a storage partition or file?",".","70","0","1786479228","**What utility creates swap space on a storage partition or file?** answer: mkswap","0"
"cards","8359","What command enables an inactive swap partition for memory usage?",".","70","0","1786479228","**What command enables an inactive swap partition for memory usage?** answer: swapon","0"
"cards","8360","What command displays the current active swap devices and memory priorities?",".","70","0","1786479228","**What command displays the current active swap devices and memory priorities?** answer: swapon --summary","0"
"cards","8361","What system utility manages partition creation and formatting using a high-level API?",".","70","0","1786479228","**What system utility manages partition creation and formatting using a high-level API?** answer: sfdisk","0"
"cards","8362","What command inspects partition block alignments for solid-state drive optimization?",".","70","0","1786479228","**What command inspects partition block alignments for solid-state drive optimization?** answer: lsblk -t","0"
"cards","8363","What command displays disk space usage and file system block counts?",".","70","0","1786479228","**What command displays disk space usage and file system block counts?** answer: df -h","0"
"cards","8364","What command checks inode consumption across mounted file systems?",".","70","0","1786479228","**What command checks inode consumption across mounted file systems?** answer: df -i","0"
"cards","8365","What environment variable determines the default block size output for df?",".","70","0","1786479228","**What environment variable determines the default block size output for df?** answer: POSIXLY_CORRECT","0"
"cards","8366","What command scans a block device for bad sectors and reports bad blocks?",".","70","0","1786479228","**What command scans a block device for bad sectors and reports bad blocks?** answer: badblocks","0"
"cards","8367","What tool creates an ext2, ext3, or ext4 file system on a target partition?",".","70","0","1786479228","**What tool creates an ext2, ext3, or ext4 file system on a target partition?** answer: mkfs.trixie (or mkfs.ext4)","0"
"cards","8368","What tool creates an XFS high-performance journaling file system?",".","70","0","1786479228","**What tool creates an XFS high-performance journaling file system?** answer: mkfs.xfs","0"
"cards","8369","What command checks and repairs consistency errors on an ext4 file system?",".","70","0","1786479228","**What command checks and repairs consistency errors on an ext4 file system?** answer: fsck.ext4","0"
"cards","8370","What command checks and repairs consistency errors on an XFS file system?",".","70","0","1786479228","**What command checks and repairs consistency errors on an XFS file system?** answer: xfs_repair","0"
"cards","8371","What utility displays internal details, block groups, and tuning parameters of an ext2/3/4 file system?",".","70","0","1786479228","**What utility displays internal details, block groups, and tuning parameters of an ext2/3/4 file system?** answer: dumpe2fs","0"
"cards","8372","What utility modifies tunable file system parameters on an ext2/3/4 file system without reformatting?",".","70","0","1786479228","**What utility modifies tunable file system parameters on an ext2/3/4 file system without reformatting?** answer: tune2fs","0"
"cards","8373","What option in tune2fs adjusts the volume label of an ext4 partition?",".","70","0","1786479228","**What option in tune2fs adjusts the volume label of an ext4 partition?** answer: -L","0"
"cards","8374","What option in tune2fs sets a volume UUID on an ext4 partition?",".","70","0","1786479228","**What option in tune2fs sets a volume UUID on an ext4 partition?** answer: -U","0"
"cards","8375","What command displays device attributes like UUIDs and file system types without mounting?",".","70","0","1786479228","**What command displays device attributes like UUIDs and file system types without mounting?** answer: blkid","0"
"cards","8376","What command displays the hierarchical layout and relationships of block devices in a tree?",".","70","0","1786479228","**What command displays the hierarchical layout and relationships of block devices in a tree?** answer: lsblk","0"
"cards","8377","What directory under /sys/class holds block device physical properties and attributes?",".","70","0","1786479228","**What directory under /sys/class holds block device physical properties and attributes?** answer: /sys/class/block/","0"
"cards","8378","What command enables disk quotas for a mounted file system?",".","70","0","1786479228","**What command enables disk quotas for a mounted file system?** answer: quotaon","0"
"cards","8379","What command disables disk quotas for a mounted file system?",".","70","0","1786479228","**What command disables disk quotas for a mounted file system?** answer: quotaoff","0"
"cards","8380","What command displays a user's disk quota limits and current usage?",".","70","0","1786479228","**What command displays a user's disk quota limits and current usage?** answer: quota","0"
"cards","8381","What command generates a table of disk usage and checks file systems for quota statistics?",".","70","0","1786479228","**What command generates a table of disk usage and checks file systems for quota statistics?** answer: quotacheck","0"
"cards","8382","What command edits disk quota limits for a specific user account interactively?",".","70","0","1786479228","**What command edits disk quota limits for a specific user account interactively?** answer: edquota","0"
"cards","8383","What command reports disk space usage and quotas for all users across file systems?",".","70","0","1786479228","**What command reports disk space usage and quotas for all users across file systems?** answer: repquota","0"
"cards","8384","What command sets grace periods for soft quota limits on a file system?",".","70","0","1786479228","**What command sets grace periods for soft quota limits on a file system?** answer: edquota -t","0"
"cards","8385","What command copies disk quota settings from one user template to another user?",".","70","0","1786479228","**What command copies disk quota settings from one user template to another user?** answer: edquota -p","0"
"cards","8386","What command sets basic file or directory access permissions (read, write, execute)?",".","70","0","1786479228","**What command sets basic file or directory access permissions (read, write, execute)?** answer: chmod","0"
"cards","8387","What command changes the owner user and owner group of a file or directory?",".","70","0","1786479228","**What command changes the owner user and owner group of a file or directory?** answer: chown","0"
"cards","8388","What command changes only the group ownership of a file or directory?",".","70","0","1786479228","**What command changes only the group ownership of a file or directory?** answer: chgrp","0"
"cards","8389","What file permission octal value corresponds to read, write, and execute (rwx)?",".","70","0","1786479228","**What file permission octal value corresponds to read, write, and execute (rwx)?** answer: 7","0"
"cards","8390","What file permission octal value corresponds to read and execute (r-x)?",".","70","0","1786479228","**What file permission octal value corresponds to read and execute (r-x)?** answer: 5","0"
"cards","8391","What file permission octal value corresponds to read-only (r--) permissions?",".","70","0","1786479228","**What file permission octal value corresponds to read-only (r--) permissions?** answer: 4","0"
"cards","8392","What special permission sets the effective user ID to the file owner upon execution (SUID)?",".","70","0","1786479228","**What special permission sets the effective user ID to the file owner upon execution (SUID)?** answer: 4000 (or u+s)","0"
"cards","8393","What special permission sets the effective group ID to the file group upon execution (SGID)?",".","70","0","1786479228","**What special permission sets the effective group ID to the file group upon execution (SGID)?** answer: 2000 (or g+s)","0"
"cards","8394","What special permission restricts file deletion in shared directories to the file owner or root (Sticky Bit)?",".","70","0","1786479228","**What special permission restricts file deletion in shared directories to the file owner or root (Sticky Bit)?** answer: 1000 (or +t)","0"
"cards","8395","What command displays the current user's default permission mask for new files and directories?",".","70","0","1786479228","**What command displays the current user's default permission mask for new files and directories?** answer: umask","0"
"cards","8396","What octal umask value results in new files having default permissions of 644 and directories 755?",".","70","0","1786479228","**What octal umask value results in new files having default permissions of 644 and directories 755?** answer: 022","0"
"cards","8397","What command manages Access Control Lists (ACLs) to provide fine-grained file permissions?",".","70","0","1786479228","**What command manages Access Control Lists (ACLs) to provide fine-grained file permissions?** answer: setfacl","0"
"cards","8398","What command displays current Access Control Lists (ACLs) assigned to a file or directory?",".","70","0","1786479228","**What command displays current Access Control Lists (ACLs) assigned to a file or directory?** answer: getfacl","0"
"cards","8399","What command changes file attributes such as immutable or append-only on ext filesystems?",".","70","0","1786479228","**What command changes file attributes such as immutable or append-only on ext filesystems?** answer: chattr","0"
"cards","8400","What command displays file attributes set by chattr on ext filesystems?",".","70","0","1786479228","**What command displays file attributes set by chattr on ext filesystems?** answer: lsattr","0"
"cards","8401","What chattr attribute makes a file completely immutable, preventing modification, deletion, or renaming?",".","70","0","1786479228","**What chattr attribute makes a file completely immutable, preventing modification, deletion, or renaming?** answer: +i","0"
"cards","8402","What chattr attribute allows data to be added to a file only in append mode?",".","70","0","1786479228","**What chattr attribute allows data to be added to a file only in append mode?** answer: +a","0"
"cards","8403","What command displays symbolic links and target pathways for files?",".","70","0","1786479228","**What command displays symbolic links and target pathways for files?** answer: readlink","0"
"cards","8404","What command creates a hard link to an existing file?",".","70","0","1786479228","**What command creates a hard link to an existing file?** answer: ln","0"
"cards","8405","What command creates a symbolic (soft) link to a file or directory?",".","70","0","1786479228","**What command creates a symbolic (soft) link to a file or directory?** answer: ln -s","0"
"cards","8406","What command locates files or directories with specific permission bits set?",".","70","0","1786479228","**What command locates files or directories with specific permission bits set?** answer: find / -perm 644","0"
"cards","8407","What command searches for files owned by a specific user name or UID?",".","70","0","1786479228","**What command searches for files owned by a specific user name or UID?** answer: find /home -user username","0"
"cards","8408","What command searches for files larger than a specified size limit?",".","70","0","1786479228","**What command searches for files larger than a specified size limit?** answer: find /var -size +50M","0"
"cards","8409","What command executes a command on each file found by the find utility?",".","70","0","1786479228","**What command executes a command on each file found by the find utility?** answer: find . -name "*.log" -exec rm {} \;","0"
"cards","8410","What command updates the access and modification timestamps of a file to the current time?",".","70","0","1786479228","**What command updates the access and modification timestamps of a file to the current time?** answer: touch","0"
"cards","8411","What command displays or changes file modification, access, and change timestamps?",".","70","0","1786479228","**What command displays or changes file modification, access, and change timestamps?** answer: stat","0"
"cards","8412","What command creates a directory or nested directory structure recursively?",".","70","0","1786479228","**What command creates a directory or nested directory structure recursively?** answer: mkdir -p","0"
"cards","8413","What command removes empty directories from the file system?",".","70","0","1786479228","**What command removes empty directories from the file system?** answer: rmdir","0"
"cards","8414","What command displays the online manual page (man page) for a command?",".","70","0","1786479228","**What command displays the online manual page (man page) for a command?** answer: man","0"
"cards","8415","What command searches through manual page descriptions for keywords?",".","70","0","1786479228","**What command searches through manual page descriptions for keywords?** answer: man -k","0"
"cards","8416","What command updates the database used by the man search utility (apropos)?",".","70","0","1786479228","**What command updates the database used by the man search utility (apropos)?** answer: mandb","0"
"cards","8417","What command displays short summary descriptions and usage for a command from its apropos database?",".","70","0","1786479228","**What command displays short summary descriptions and usage for a command from its apropos database?** answer: whatis","0"
"cards","8418","What command displays help documentation specifically formatted for GNU core utilities and programs?",".","70","0","1786479228","**What command displays help documentation specifically formatted for GNU core utilities and programs?** answer: info","0"
"cards","8419","What configuration file sets global behavior, search paths, and formatting options for man pages?",".","70","0","1786479228","**What configuration file sets global behavior, search paths, and formatting options for man pages?** answer: /etc/manpath.config","0"
"cards","8420","What environment variable defines the search path directories for manual pages?",".","70","0","1786479228","**What environment variable defines the search path directories for manual pages?** answer: MANPATH","0"
"cards","8421","What command begins a shell script execution with a specific shell interpreter specified in the shebang?",".","70","0","1786479228","**What command begins a shell script execution with a specific shell interpreter specified in the shebang?** answer: #!/bin/bash","0"
"cards","8422","What special character sequence at the very beginning of a script specifies the interpreter (shebang)?",".","70","0","1786479228","**What special character sequence at the very beginning of a script specifies the interpreter (shebang)?** answer: #!","0"
"cards","8423","What command makes a shell script file executable for the user or system?",".","70","0","1786479228","**What command makes a shell script file executable for the user or system?** answer: chmod +x","0"
"cards","8424","What command executes a shell script by invoking the bash interpreter explicitly?",".","70","0","1786479228","**What command executes a shell script by invoking the bash interpreter explicitly?** answer: bash script.sh","0"
"cards","8425","What command evaluates mathematical arithmetic expressions inside a shell script using double parentheses?",".","70","0","1786479228","**What command evaluates mathematical arithmetic expressions inside a shell script using double parentheses?** answer: $(( ))","0"
"cards","8426","What command tests conditions (file existence, string matching, numeric comparisons) in scripts?",".","70","0","1786479228","**What command tests conditions (file existence, string matching, numeric comparisons) in scripts?** answer: test","0"
"cards","8427","What shorthand bracket notation is equivalent to the test command in shell scripts?",".","70","0","1786479228","**What shorthand bracket notation is equivalent to the test command in shell scripts?** answer: [ ... ]","0"
"cards","8428","What advanced conditional bracket construct supports regex matching and eliminates standard shell word splitting bugs?",".","70","0","1786479228","**What advanced conditional bracket construct supports regex matching and eliminates standard shell word splitting bugs?** answer: [[ ... ]]","0"
"cards","8429","What control statement executes a block of commands repeatedly while a condition remains true?",".","70","0","1786479228","**What control statement executes a block of commands repeatedly while a condition remains true?** answer: while","0"
"cards","8430","What control statement executes commands iteratively across a specified list of items?",".","70","0","1786479228","**What control statement executes commands iteratively across a specified list of items?** answer: for","0"
"cards","8431","What control statement branches execution based on matching conditional expressions?",".","70","0","1786479228","**What control statement branches execution based on matching conditional expressions?** answer: if / else","0"
"cards","8432","What control statement provides multi-way branching based on the value of a variable or expression?",".","70","0","1786479228","**What control statement provides multi-way branching based on the value of a variable or expression?** answer: case","0"
"cards","8433","What command reads input from standard input and assigns it to a shell variable?",".","70","0","1786479228","**What command reads input from standard input and assigns it to a shell variable?** answer: read","0"
"cards","8434","What variable holds the total number of positional parameters passed to a shell script?",".","70","0","1786479228","**What variable holds the total number of positional parameters passed to a shell script?** answer: $#","0"
"cards","8435","What variable holds the exit status code of the previously executed command?",".","70","0","1786479228","**What variable holds the exit status code of the previously executed command?** answer: $?","0"
"cards","8436","What variable holds the name of the script itself as executed?",".","70","0","1786479228","**What variable holds the name of the script itself as executed?** answer: $0","0"
"cards","8437","What variable holds the value of the first positional argument passed to a script?",".","70","0","1786479228","**What variable holds the value of the first positional argument passed to a script?** answer: $1","0"
"cards","8438","What network configuration file historically defines static IP addresses, gateways, and netmasks in Debian?",".","70","0","1786479228","**What network configuration file historically defines static IP addresses, gateways, and netmasks in Debian?** answer: /etc/network/interfaces","0"
"cards","8439","What modern systemd service manages network configurations, interfaces, and connections in Debian Trixie?",".","70","0","1786479228","**What modern systemd service manages network configurations, interfaces, and connections in Debian Trixie?** answer: NetworkManager","0"
"cards","8440","What command-line tool manages NetworkManager connections and network devices?",".","70","0","1786479228","**What command-line tool manages NetworkManager connections and network devices?** answer: nmcli","0"
"cards","8441","What text-user-interface (TUI) tool configures NetworkManager connections interactively?",".","70","0","1786479228","**What text-user-interface (TUI) tool configures NetworkManager connections interactively?** answer: nmtui","0"
"cards","8442","What command displays current network interface configurations, IP addresses, and routing tables?",".","70","0","1786479228","**What command displays current network interface configurations, IP addresses, and routing tables?** answer: ip addr","0"
"cards","8443","What command modifies IP addresses and state of network interfaces directly?",".","70","0","1786479228","**What command modifies IP addresses and state of network interfaces directly?** answer: ip link","0"
"cards","8444","What command displays or manipulates the system IP routing table?",".","70","0","1786479228","**What command displays or manipulates the system IP routing table?** answer: ip route","0"
"cards","8445","What legacy command lists network interface configurations and hardware addresses (deprecated in favor of ip)?",".","70","0","1786479228","**What legacy command lists network interface configurations and hardware addresses (deprecated in favor of ip)?** answer: ifconfig","0"
"cards","8446","What legacy command displays active network routing tables (deprecated in favor of ip route)?",".","70","0","1786479228","**What legacy command displays active network routing tables (deprecated in favor of ip route)?** answer: route","0"
"cards","8447","What legacy command displays active socket connections and routing tables (deprecated in favor of ss)?",".","70","0","1786479228","**What legacy command displays active socket connections and routing tables (deprecated in favor of ss)?** answer: netstat","0"
"cards","8448","What modern command displays socket statistics, open ports, and network connections?",".","70","0","1786479228","**What modern command displays socket statistics, open ports, and network connections?** answer: ss","0"
"cards","8449","What command tests network connectivity to a remote host using ICMP echo requests?",".","70","0","1786479228","**What command tests network connectivity to a remote host using ICMP echo requests?** answer: ping","0"
"cards","8450","What command traces the network route packets take to reach a destination host?",".","70","0","1786479228","**What command traces the network route packets take to reach a destination host?** answer: traceroute","0"
"cards","8451","What command queries DNS name servers to resolve domain names into IP addresses?",".","70","0","1786479228","**What command queries DNS name servers to resolve domain names into IP addresses?** answer: dig","0"
"cards","8452","What utility performs DNS lookups using the operating system's resolver library?",".","70","0","1786479228","**What utility performs DNS lookups using the operating system's resolver library?** answer: nslookup","0"
"cards","8453","What command prints or modifies network interface parameters like speed and duplex?",".","70","0","1786479228","**What command prints or modifies network interface parameters like speed and duplex?** answer: ethtool","0"
"cards","8454","What configuration file lists static hostname-to-IP address mappings for local resolution?",".","70","0","1786479228","**What configuration file lists static hostname-to-IP address mappings for local resolution?** answer: /etc/hosts","0"
"cards","8455","What configuration file specifies upstream DNS nameservers used by the system resolver?",".","70","0","1786479228","**What configuration file specifies upstream DNS nameservers used by the system resolver?** answer: /etc/resolv.conf","0"
"cards","8456","What service manager handles local hostname resolution and caching in modern Debian?",".","70","0","1786479228","**What service manager handles local hostname resolution and caching in modern Debian?** answer: systemd-resolved","0"
"cards","8457","What command displays or changes the system's network hostname?",".","70","0","1786479228","**What command displays or changes the system's network hostname?** answer: hostnamectl","0"
"cards","8458","What file stores the static system hostname value in Debian?",".","70","0","1786479228","**What file stores the static system hostname value in Debian?** answer: /etc/hostname","0"
"cards","8459","What network service daemon assigns dynamic IP addresses to clients on a local network?",".","70","0","1786479228","**What network service daemon assigns dynamic IP addresses to clients on a local network?** answer: dhcpd (or isc-dhcp-server / dnsmasq)","0"
"cards","8460","What client daemon requests dynamic IP configuration from a DHCP server on network interfaces?",".","70","0","1786479228","**What client daemon requests dynamic IP configuration from a DHCP server on network interfaces?** answer: dhcpcd (or dhclient / NetworkManager)","0"
"cards","8461","What command captures and inspects network packet traffic flowing through an interface?",".","70","0","1786479228","**What command captures and inspects network packet traffic flowing through an interface?** answer: tcpdump","0"
"cards","8462","What file contains network port name mappings to service protocols (e.g., http -> 80)?",".","70","0","1786479228","**What file contains network port name mappings to service protocols (e.g., http -> 80)?** answer: /etc/services","0"
"cards","8463","What network configuration tool manages wireless (Wi-Fi) interfaces and WPA supplicant?",".","70","0","1786479228","**What network configuration tool manages wireless (Wi-Fi) interfaces and WPA supplicant?** answer: wpa_cli","0"
"cards","8464","What background daemon manages WPA/WPA2/WPA3 secure wireless authentication?",".","70","0","1786479228","**What background daemon manages WPA/WPA2/WPA3 secure wireless authentication?** answer: wpa_supplicant","0"
"cards","8465","What command lists open network ports and the corresponding listening processes?",".","70","0","1786479228","**What command lists open network ports and the corresponding listening processes?** answer: ss -tulpn","0"
"cards","8466","What command creates a new user account on a Debian system?",".","70","0","1786479228","**What command creates a new user account on a Debian system?** answer: useradd","0"
"cards","8467","What command creates a user account while interactively setting passwords and home directory parameters?",".","70","0","1786479228","**What command creates a user account while interactively setting passwords and home directory parameters?** answer: adduser","0"
"cards","8468","What command modifies existing user account properties such as home directory or shell?",".","70","0","1786479228","**What command modifies existing user account properties such as home directory or shell?** answer: usermod","0"
"cards","8469","What command deletes an existing user account and optionally its home directory?",".","70","0","1786479228","**What command deletes an existing user account and optionally its home directory?** answer: userdel","0"
"cards","8470","What command changes the password for a user account?",".","70","0","1786479228","**What command changes the password for a user account?** answer: passwd","0"
"cards","8471","What command locks a user account by disabling password authentication?",".","70","0","1786479228","**What command locks a user account by disabling password authentication?** answer: passwd -l","0"
"cards","8472","What command unlocks a locked user account?",".","70","0","1786479228","**What command unlocks a locked user account?** answer: passwd -u","0"
"cards","8473","What command sets or displays user account password aging policies and expiration dates?",".","70","0","1786479228","**What command sets or displays user account password aging policies and expiration dates?** answer: chage","0"
"cards","8474","What file contains user account information, UIDs, default shells, and home directory paths?",".","70","0","1786479228","**What file contains user account information, UIDs, default shells, and home directory paths?** answer: /etc/passwd","0"
"cards","8475","What file stores encrypted user passwords and shadow password expiration data securely?",".","70","0","1786479228","**What file stores encrypted user passwords and shadow password expiration data securely?** answer: /etc/shadow","0"
"cards","8476","What file stores group definitions and names?",".","70","0","1786479228","**What file stores group definitions and names?** answer: /etc/group","0"
"cards","8477","What file stores group shadow information and group passwords?",".","70","0","1786479228","**What file stores group shadow information and group passwords?** answer: /etc/gshadow","0"
"cards","8478","What command creates a new user group?",".","70","0","1786479228","**What command creates a new user group?** answer: groupadd","0"
"cards","8479","What command modifies an existing group name or GID?",".","70","0","1786479228","**What command modifies an existing group name or GID?** answer: groupmod","0"
"cards","8480","What command deletes an existing group account?",".","70","0","1786479228","**What command deletes an existing group account?** answer: groupdel","0"
"cards","8481","What command adds a user to a supplementary group or modifies group memberships?",".","70","0","1786479228","**What command adds a user to a supplementary group or modifies group memberships?** answer: usermod -aG","0"
"cards","8482","What command changes the primary group of a user or switches user identity in a shell?",".","70","0","1786479228","**What command changes the primary group of a user or switches user identity in a shell?** answer: newgrp","0"
"cards","8483","What file defines default configuration values used when creating new user accounts via useradd?",".","70","0","1786479228","**What file defines default configuration values used when creating new user accounts via useradd?** answer: /etc/default/useradd","0"
"cards","8484","What directory contains skeleton configuration files copied to new user home directories during creation?",".","70","0","1786479228","**What directory contains skeleton configuration files copied to new user home directories during creation?** answer: /etc/skel/","0"
"cards","8485","What command displays identity information including UID, GID, and supplementary groups for a user?",".","70","0","1786479228","**What command displays identity information including UID, GID, and supplementary groups for a user?** answer: id","0"
"cards","8486","What command prints the username of the currently logged-in user?",".","70","0","1786479228","**What command prints the username of the currently logged-in user?** answer: whoami","0"
"cards","8487","What command switches the current user session to another user account (such as root)?",".","70","0","1786479228","**What command switches the current user session to another user account (such as root)?** answer: su","0"
"cards","8488","What command executes a single command with root or alternative user privileges safely?",".","70","0","1786479228","**What command executes a single command with root or alternative user privileges safely?** answer: sudo","0"
"cards","8489","What configuration file controls user privileges, sudoers rules, and permission limits?",".","70","0","1786479228","**What configuration file controls user privileges, sudoers rules, and permission limits?** answer: /etc/sudoers","0"
"cards","8490","What command safely edits the /etc/sudoers configuration file with syntax checking?",".","70","0","1786479228","**What command safely edits the /etc/sudoers configuration file with syntax checking?** answer: visudo","0"
"cards","8491","What command displays the last login details for all system users?",".","70","0","1786479228","**What command displays the last login details for all system users?** answer: lastlog","0"
"cards","8492","What command reports who is logged in and what commands they are executing right now?",".","70","0","1786479228","**What command reports who is logged in and what commands they are executing right now?** answer: w","0"
"cards","8493","What command displays system login history from the wtmp log file?",".","70","0","1786479228","**What command displays system login history from the wtmp log file?** answer: last","0"
"cards","8494","What command reports failed login attempts recorded in the btmp log file?",".","70","0","1786479228","**What command reports failed login attempts recorded in the btmp log file?** answer: lastb","0"
"cards","8495","What command restricts or permits user access based on PAM or login control rules in /etc/security/?",".","70","0","1786479228","**What command restricts or permits user access based on PAM or login control rules in /etc/security/?** answer: faillock","0"
"cards","8496","What PAM configuration file manages system authentication policies across services?",".","70","0","1786479228","**What PAM configuration file manages system authentication policies across services?** answer: /etc/pam.d/common-auth","0"
"cards","8497","What command lists group memberships for a specified username?",".","70","0","1786479228","**What command lists group memberships for a specified username?** answer: groups","0"
"cards","8498","What command displays login session limits and resource constraints for users?",".","70","0","1786479228","**What command displays login session limits and resource constraints for users?** answer: ulimit","0"
"cards","8499","What configuration file sets default system resource limits for users?",".","70","0","1786479228","**What configuration file sets default system resource limits for users?** answer: /etc/security/limits.conf","0"
"cards","8500","What command checks the integrity and syntax of user and group database files?",".","70","0","1786479228","**What command checks the integrity and syntax of user and group database files?** answer: pwck / grpck","0"
"cards","8501","What command controls systemd services (start, stop, restart, reload)?",".","70","0","1786479228","**What command controls systemd services (start, stop, restart, reload)?** answer: systemctl","0"
"cards","8502","What command enables a systemd service to start automatically at boot time?",".","70","0","1786479228","**What command enables a systemd service to start automatically at boot time?** answer: systemctl enable","0"
"cards","8503","What command disables a systemd service from starting at boot time?",".","70","0","1786479228","**What command disables a systemd service from starting at boot time?** answer: systemctl disable","0"
"cards","8504","What command displays the current running status and health of a systemd service?",".","70","0","1786479228","**What command displays the current running status and health of a systemd service?** answer: systemctl status","0"
"cards","8505","What command reloads systemd manager configuration files after manual unit file changes?",".","70","0","1786479228","**What command reloads systemd manager configuration files after manual unit file changes?** answer: systemctl daemon-reload","0"
"cards","8506","What command checks if a systemd service unit is currently active and running?",".","70","0","1786479228","**What command checks if a systemd service unit is currently active and running?** answer: systemctl is-active","0"
"cards","8507","What command checks if a systemd service unit is enabled to start at boot?",".","70","0","1786479228","**What command checks if a systemd service unit is enabled to start at boot?** answer: systemctl is-enabled","0"
"cards","8508","What command masks a systemd service, preventing it from being started manually or automatically?",".","70","0","1786479228","**What command masks a systemd service, preventing it from being started manually or automatically?** answer: systemctl mask","0"
"cards","8509","What command unmasks a systemd service, restoring its ability to be started?",".","70","0","1786479228","**What command unmasks a systemd service, restoring its ability to be started?** answer: systemctl unmask","0"
"cards","8510","What directory stores system-wide systemd service unit configuration files created by packages?",".","70","0","1786479228","**What directory stores system-wide systemd service unit configuration files created by packages?** answer: /lib/systemd/system/","0"
"cards","8511","What directory stores local administrator systemd service unit overrides and custom units?",".","70","0","1786479228","**What directory stores local administrator systemd service unit overrides and custom units?** answer: /etc/systemd/system/","0"
"cards","8512","What legacy SysVinit command manages services by running scripts located in /etc/init.d/?",".","70","0","1786479228","**What legacy SysVinit command manages services by running scripts located in /etc/init.d/?** answer: service","0"
"cards","8513","What legacy SysVinit command lists or configures service runlevel links in /etc/rc[0-6].d/?",".","70","0","1786479228","**What legacy SysVinit command lists or configures service runlevel links in /etc/rc[0-6].d/?** answer: update-rc.d","0"
"cards","8514","What directory stores traditional SysVinit service control scripts in Debian?",".","70","0","1786479228","**What directory stores traditional SysVinit service control scripts in Debian?** answer: /etc/init.d/","0"
"cards","8515","What command configures system localization settings including language and character sets interactively?",".","70","0","1786479228","**What command configures system localization settings including language and character sets interactively?** answer: dpkg-reconfigure locales","0"
"cards","8516","What file defines system-wide locale environment variables such as LANG and LC_ALL?",".","70","0","1786479228","**What file defines system-wide locale environment variables such as LANG and LC_ALL?** answer: /etc/default/locale","0"
"cards","8517","What command displays the current active system locale environment settings?",".","70","0","1786479228","**What command displays the current active system locale environment settings?** answer: locale","0"
"cards","8518","What command lists all available installed locales on the system?",".","70","0","1786479228","**What command lists all available installed locales on the system?** answer: locale -a","0"
"cards","8519","What environment variable overrides all other locale category settings for the user session?",".","70","0","1786479228","**What environment variable overrides all other locale category settings for the user session?** answer: LC_ALL","0"
"cards","8520","What environment variable specifies the character encoding format, such as UTF-8?",".","70","0","1786479228","**What environment variable specifies the character encoding format, such as UTF-8?** answer: LANG","0"
"cards","8521","What command displays or configures system time, date, and timezone settings via systemd?",".","70","0","1786479228","**What command displays or configures system time, date, and timezone settings via systemd?** answer: timedatectl","0"
"cards","8522","What command lists all available time zones recognized by the system?",".","70","0","1786479228","**What command lists all available time zones recognized by the system?** answer: timedatectl list-timezones","0"
"cards","8523","What command sets the system hardware real-time clock (RTC) timezone mode to UTC?",".","70","0","1786479228","**What command sets the system hardware real-time clock (RTC) timezone mode to UTC?** answer: timedate","0"
"cards","8524","What command displays partition tables and disk geometries for all connected block devices?",".","70","0","1786479228","**What command displays partition tables and disk geometries for all connected block devices?** answer: fdisk -l","0"
"cards","8525","What command lists mounted filesystems and their corresponding mount points?",".","70","0","1786479228","**What command lists mounted filesystems and their corresponding mount points?** answer: mount","0"
"cards","8526","What directory hierarchy standard rule dictates that critical system binaries and libraries must reside on the root partition?",".","70","0","1786479228","**What directory hierarchy standard rule dictates that critical system binaries and libraries must reside on the root partition?** answer: FHS root partition rules","0"
"cards","8527","What size guideline is traditionally recommended for a swap partition relative to RAM on systems with limited memory?",".","70","0","1786479228","**What size guideline is traditionally recommended for a swap partition relative to RAM on systems with limited memory?** answer: Double the RAM (or equal to RAM for modern large memory systems)","0"
"cards","8528","What LVM component represents a physical hard disk partition initialized for logical volume management?",".","70","0","1786479228","**What LVM component represents a physical hard disk partition initialized for logical volume management?** answer: Physical Volume (PV)","0"
"cards","8529","What LVM command initializes a block device as a physical volume?",".","70","0","1786479228","**What LVM command initializes a block device as a physical volume?** answer: pvcreate","0"
"cards","8530","What LVM component pools multiple physical volumes together into a single storage space?",".","70","0","1786479228","**What LVM component pools multiple physical volumes together into a single storage space?** answer: Volume Group (VG)","0"
"cards","8531","What LVM command creates a new volume group from physical volumes?",".","70","0","1786479228","**What LVM command creates a new volume group from physical volumes?** answer: vgcreate","0"
"cards","8532","What LVM component represents the allocatable storage slice used to create a filesystem?",".","70","0","1786479228","**What LVM component represents the allocatable storage slice used to create a filesystem?** answer: Logical Volume (LV)","0"
"cards","8533","What LVM command creates a new logical volume from a volume group?",".","70","0","1786479228","**What LVM command creates a new logical volume from a volume group?** answer: lvcreate","0"
"cards","8534","What LVM command extends the size of an existing logical volume and its filesystem?",".","70","0","1786479228","**What LVM command extends the size of an existing logical volume and its filesystem?** answer: lvextend -r","0"
"cards","8535","What tool installs the GRUB 2 bootloader onto a storage drive's MBR or EFI partition?",".","70","0","1786479228","**What tool installs the GRUB 2 bootloader onto a storage drive's MBR or EFI partition?** answer: grub-install","0"
"cards","8536","What file contains the main configuration settings for generating GRUB 2 boot menus?",".","70","0","1786479228","**What file contains the main configuration settings for generating GRUB 2 boot menus?** answer: /etc/default/grub","0"
"cards","8537","What command updates the GRUB 2 configuration file (/boot/grub/grub.cfg) automatically?",".","70","0","1786479228","**What command updates the GRUB 2 configuration file (/boot/grub/grub.cfg) automatically?** answer: update-grub","0"
"cards","8538","What directory contains GRUB 2 script snippets used to build the configuration file?",".","70","0","1786479228","**What directory contains GRUB 2 script snippets used to build the configuration file?** answer: /etc/grub.d/","0"
"cards","8539","What partition type contains kernel images and initial RAM disks required during boot?",".","70","0","1786479228","**What partition type contains kernel images and initial RAM disks required during boot?** answer: /boot partition","0"
"cards","8540","What directory stores shared library files required by system binaries in Debian?",".","70","0","1786479228","**What directory stores shared library files required by system binaries in Debian?** answer: /lib or /usr/lib","0"
"cards","8541","What command lists the dynamic shared library dependencies for any executable binary?",".","70","0","1786479228","**What command lists the dynamic shared library dependencies for any executable binary?** answer: ldd","0"
"cards","8542","What configuration file specifies custom directory paths searched for shared libraries?",".","70","0","1786479228","**What configuration file specifies custom directory paths searched for shared libraries?** answer: /etc/ld.so.conf","0"
"cards","8543","What command updates the shared library cache file (/etc/ld.so.cache)?",".","70","0","1786479228","**What command updates the shared library cache file (/etc/ld.so.cache)?** answer: ldconfig","0"
"cards","8544","What environment variable temporarily overrides shared library lookup paths at runtime?",".","70","0","1786479228","**What environment variable temporarily overrides shared library lookup paths at runtime?** answer: LD_LIBRARY_PATH","0"
"cards","8545","What naming convention prefix identifies Linux dynamic shared object library files?",".","70","0","1786479228","**What naming convention prefix identifies Linux dynamic shared object library files?** answer: lib","0"
"cards","8546","What file extension suffix designates compiled shared library files in Linux?",".","70","0","1786479228","**What file extension suffix designates compiled shared library files in Linux?** answer: .so","0"
"cards","8547","What command searches for a specific file or shared library across prebuilt system indexes?",".","70","0","1786479228","**What command searches for a specific file or shared library across prebuilt system indexes?** answer: ldconfig -p","0"
"cards","8548","What command displays partition layout information in a tree structure showing dependencies?",".","70","0","1786479228","**What command displays partition layout information in a tree structure showing dependencies?** answer: lsblk","0"
"cards","8549","What command creates an MBR partition table scheme on a storage drive using parted?",".","70","0","1786479228","**What command creates an MBR partition table scheme on a storage drive using parted?** answer: parted /dev/sdb mklabel msdos","0"
"cards","8550","What command creates a GPT partition table scheme using parted?",".","70","0","1786479228","**What command creates a GPT partition table scheme using parted?** answer: parted /dev/sdb mklabel gpt","0"
"cards","8551","What command resizes an existing LVM physical volume partition safely?",".","70","0","1786479228","**What command resizes an existing LVM physical volume partition safely?** answer: pvresize","0"
"cards","8552","What command displays detailed usage statistics and attributes of all physical volumes?",".","70","0","1786479228","**What command displays detailed usage statistics and attributes of all physical volumes?** answer: pvdisplay","0"
"cards","8553","What command displays free space and allocation details for volume groups?",".","70","0","1786479228","**What command displays free space and allocation details for volume groups?** answer: vgdisplay","0"
"cards","8554","What command displays active logical volume mappings and paths?",".","70","0","1786479228","**What command displays active logical volume mappings and paths?** answer: lvdisplay","0"
"cards","8555","What command removes an unused logical volume from a volume group?",".","70","0","1786479228","**What command removes an unused logical volume from a volume group?** answer: lvremove","0"
"cards","8556","What command removes an empty volume group definition?",".","70","0","1786479228","**What command removes an empty volume group definition?** answer: vgremove","0"
"cards","8557","What command removes a physical volume label from a block device?",".","70","0","1786479228","**What command removes a physical volume label from a block device?** answer: pvremove","0"
"cards","8558","What file system type is recommended for modern Debian Trixie root installations by default?",".","70","0","1786479228","**What file system type is recommended for modern Debian Trixie root installations by default?** answer: ext4 (or XFS / Btrfs)","0"
"cards","8559","What command checks an XFS filesystem for corruption errors?",".","70","0","1786479228","**What command checks an XFS filesystem for corruption errors?** answer: xfs_repair","0"
"cards","8560","What command displays file system block counts and inode usage metrics?",".","70","0","1786479228","**What command displays file system block counts and inode usage metrics?** answer: df -h","0"
"cards","8561","What directory contains GRUB module files and architecture subdirectories in /boot?",".","70","0","1786479228","**What directory contains GRUB module files and architecture subdirectories in /boot?** answer: /boot/grub/","0"
"cards","8562","What command checks the syntax validity of a GRUB configuration script?",".","70","0","1786479228","**What command checks the syntax validity of a GRUB configuration script?** answer: grub-script-check","0"
"cards","8563","What command specifies an alternative root directory when repairing a broken bootloader via a live environment?",".","70","0","1786479228","**What command specifies an alternative root directory when repairing a broken bootloader via a live environment?** answer: chroot","0"
"cards","8564","What boot parameter specifies the root filesystem UUID during kernel startup in GRUB?",".","70","0","1786479228","**What boot parameter specifies the root filesystem UUID during kernel startup in GRUB?** answer: root=UUID=...","0"
"cards","8565","What utility manages shared library package dependencies at the low-level package manager level?",".","70","0","1786479228","**What utility manages shared library package dependencies at the low-level package manager level?** answer: dpkg","0"
"cards","8566","What command displays which package provides a specific shared library file (.so)?",".","70","0","1786479228","**What command displays which package provides a specific shared library file (.so)?** answer: dpkg -S /usr/lib/x86_64-linux-gnu/libc.so.6","0"
"cards","8567","What command lists files installed by the package owning a shared library?",".","70","0","1786479228","**What command lists files installed by the package owning a shared library?** answer: dpkg -L package_name","0"
"cards","8568","What tool extracts raw control and data archives from a Debian package for manual inspection?",".","70","0","1786479228","**What tool extracts raw control and data archives from a Debian package for manual inspection?** answer: dpkg-deb","0"
"cards","8569","What command compiles source code configurations prior to shared library installation?",".","70","0","1786479228","**What command compiles source code configurations prior to shared library installation?** answer: ./configure","0"
"cards","8570","What command compiles binary shared libraries from source makefiles?",".","70","0","1786479228","**What command compiles binary shared libraries from source makefiles?** answer: make","0"
"cards","8571","What command installs compiled binaries and libraries to system paths?",".","70","0","1786479228","**What command installs compiled binaries and libraries to system paths?** answer: make install","0"
"cards","8572","What command updates the local package database from all configured repositories?",".","70","0","1786479228","**What command updates the local package database from all configured repositories?** answer: apt update","0"
"cards","8573","What command upgrades all installed packages on the Debian system?",".","70","0","1786479228","**What command upgrades all installed packages on the Debian system?** answer: apt upgrade","0"
"cards","8574","What command installs a specific package from software repositories?",".","70","0","1786479228","**What command installs a specific package from software repositories?** answer: apt install","0"
"cards","8575","What command removes an installed package while leaving its configuration files?",".","70","0","1786479228","**What command removes an installed package while leaving its configuration files?** answer: apt remove","0"
"cards","8576","What command removes an installed package and deletes its configuration files?",".","70","0","1786479228","**What command removes an installed package and deletes its configuration files?** answer: apt purge","0"
"cards","8577","What command searches for packages matching a keyword in their names or descriptions?",".","70","0","1786479228","**What command searches for packages matching a keyword in their names or descriptions?** answer: apt search","0"
"cards","8578","What command shows detailed package metadata, dependencies, and descriptions?",".","70","0","1786479228","**What command shows detailed package metadata, dependencies, and descriptions?** answer: apt show","0"
"cards","8579","What command removes orphaned packages that were installed automatically as dependencies?",".","70","0","1786479228","**What command removes orphaned packages that were installed automatically as dependencies?** answer: apt autoremove","0"
"cards","8580","What command cleans up the local repository cache of downloaded .deb package files?",".","70","0","1786479228","**What command cleans up the local repository cache of downloaded .deb package files?** answer: apt clean","0"
"cards","8581","What command removes only obsolete downloaded package files from the local cache?",".","70","0","1786479228","**What command removes only obsolete downloaded package files from the local cache?** answer: apt autoclean","0"
"cards","8582","What file defines the software repository sources used by APT in Debian?",".","70","0","1786479228","**What file defines the software repository sources used by APT in Debian?** answer: /etc/apt/sources.list","0"
"cards","8583","What directory contains additional repository configuration file snippets?",".","70","0","1786479228","**What directory contains additional repository configuration file snippets?** answer: /etc/apt/sources.list.d/","0"
"cards","8584","What command installs a local .deb package file directly from the filesystem?",".","70","0","1786479228","**What command installs a local .deb package file directly from the filesystem?** answer: dpkg -i","0"
"cards","8585","What command removes an installed package using the low-level package manager?",".","70","0","1786479228","**What command removes an installed package using the low-level package manager?** answer: dpkg -r","0"
"cards","8586","What command purges a package using the low-level package manager?",".","70","0","1786479228","**What command purges a package using the low-level package manager?** answer: dpkg -P","0"
"cards","8587","What command lists all packages currently installed in the dpkg database?",".","70","0","1786479228","**What command lists all packages currently installed in the dpkg database?** answer: dpkg -l","0"
"cards","8588","What command shows which package owns a specific file path on the system?",".","70","0","1786479228","**What command shows which package owns a specific file path on the system?** answer: dpkg -S","0"
"cards","8589","What command lists all files installed by a specific package name?",".","70","0","1786479228","**What command lists all files installed by a specific package name?** answer: dpkg -L","0"
"cards","8590","What command verifies the cryptographic integrity of files installed by a package against dpkg records?",".","70","0","1786479228","**What command verifies the cryptographic integrity of files installed by a package against dpkg records?** answer: dpkg -V","0"
"cards","8591","What command configures an unpacked but unconfigured software package?",".","70","0","1786479228","**What command configures an unpacked but unconfigured software package?** answer: dpkg --configure","0"
"cards","8592","What low-level tool queries the dpkg package database?",".","70","0","1786479228","**What low-level tool queries the dpkg package database?** answer: dpkg-query","0"
"cards","8593","What command locks a package version to prevent it from being upgraded?",".","70","0","1786479228","**What command locks a package version to prevent it from being upgraded?** answer: apt-mark hold","0"
"cards","8594","What command unlocks a held package to allow standard upgrades again?",".","70","0","1786479228","**What command unlocks a held package to allow standard upgrades again?** answer: apt-mark unhold","0"
"cards","8595","What command displays all packages currently marked on hold?",".","70","0","1786479228","**What command displays all packages currently marked on hold?** answer: apt-mark showhold","0"
"cards","8596","What command marks an automatically installed package as manually installed?",".","70","0","1786479228","**What command marks an automatically installed package as manually installed?** answer: apt-mark manual","0"
"cards","8597","What command displays the system's native architecture code via dpkg?",".","70","0","1786479228","**What command displays the system's native architecture code via dpkg?** answer: dpkg --print-architecture","0"
"cards","8598","What command adds a foreign architecture to support multi-arch applications?",".","70","0","1786479228","**What command adds a foreign architecture to support multi-arch applications?** answer: dpkg --add-architecture","0"
"cards","8599","What command removes a foreign architecture from the system?",".","70","0","1786479228","**What command removes a foreign architecture from the system?** answer: dpkg --remove-architecture","0"
"cards","8600","What environment variable prevents interactive prompt windows during package installation?",".","70","0","1786479228","**What environment variable prevents interactive prompt windows during package installation?** answer: DEBIAN_FRONTEND=noninteractive","0"
"cards","8601","What log file records all transaction histories of package installs, updates, and removals?",".","70","0","1786479228","**What log file records all transaction histories of package installs, updates, and removals?** answer: /var/log/dpkg.log","0"
"cards","8602","What log file records detailed APT repository sync actions and installations?",".","70","0","1786479228","**What log file records detailed APT repository sync actions and installations?** answer: /var/log/apt/history.log","0"
"cards","8603","What tool provides a text-user-interface (TUI) for managing advanced package choices?",".","70","0","1786479228","**What tool provides a text-user-interface (TUI) for managing advanced package choices?** answer: aptitude","0"
"cards","8604","What command downloads a package .deb file without installing it to the system?",".","70","0","1786479228","**What command downloads a package .deb file without installing it to the system?** answer: apt download","0"
"cards","8605","What command displays reverse dependencies for a specific package name?",".","70","0","1786479228","**What command displays reverse dependencies for a specific package name?** answer: apt-cache rdepends","0"
"cards","8606","What command displays direct dependencies required by a package?",".","70","0","1786479228","**What command displays direct dependencies required by a package?** answer: apt-cache depends","0"
"cards","8607","What command prints package cache statistics such as total available packages?",".","70","0","1786479228","**What command prints package cache statistics such as total available packages?** answer: apt-cache stats","0"
"cards","8608","What configuration file sets global timeout and operational rules for APT?",".","70","0","1786479228","**What configuration file sets global timeout and operational rules for APT?** answer: /etc/apt/apt.conf","0"
"cards","8609","What directory stores APT configuration snippet files?",".","70","0","1786479228","**What directory stores APT configuration snippet files?** answer: /etc/apt/apt.conf.d/","0"
"cards","8610","What command displays the contents of a text file line by line?",".","70","0","1786479228","**What command displays the contents of a text file line by line?** answer: cat","0"
"cards","8611","What command outputs a text file in reverse line order?",".","70","0","1786479228","**What command outputs a text file in reverse line order?** answer: tac","0"
"cards","8612","What command merges multiple files horizontally side-by-side?",".","70","0","1786479228","**What command merges multiple files horizontally side-by-side?** answer: paste","0"
"cards","8613","What command merges files line by line based on a common matching field?",".","70","0","1786479228","**What command merges files line by line based on a common matching field?** answer: join","0"
"cards","8614","What command splits a large file into smaller fixed-size file parts?",".","70","0","1786479228","**What command splits a large file into smaller fixed-size file parts?** answer: split","0"
"cards","8615","What command extracts specific columns or byte ranges from each line of a file?",".","70","0","1786479228","**What command extracts specific columns or byte ranges from each line of a file?** answer: cut","0"
"cards","8616","What command translates, squeezes, or deletes specific characters from standard input?",".","70","0","1786479228","**What command translates, squeezes, or deletes specific characters from standard input?** answer: tr","0"
"cards","8617","What command counts the number of lines, words, and bytes in a text file?",".","70","0","1786479228","**What command counts the number of lines, words, and bytes in a text file?** answer: wc","0"
"cards","8618","What command reverses the sequence of characters on every line?",".","70","0","1786479228","**What command reverses the sequence of characters on every line?** answer: rev","0"
"cards","8619","What command formats text paragraphs into neatly wrapped fixed-width lines?",".","70","0","1786479228","**What command formats text paragraphs into neatly wrapped fixed-width lines?** answer: fmt","0"
"cards","8620","What command filters or counts adjacent duplicate lines in a text file?",".","70","0","1786479228","**What command filters or counts adjacent duplicate lines in a text file?** answer: uniq","0"
"cards","8621","What command sorts lines of text files alphanumerically or numerically?",".","70","0","1786479228","**What command sorts lines of text files alphanumerically or numerically?** answer: sort","0"
"cards","8622","What command compares two sorted files line by line in three output columns?",".","70","0","1786479228","**What command compares two sorted files line by line in three output columns?** answer: comm","0"
"cards","8623","What command compares two text files and outputs their line-by-line differences?",".","70","0","1786479228","**What command compares two text files and outputs their line-by-line differences?** answer: diff","0"
"cards","8624","What command applies patch diff files to update source code files?",".","70","0","1786479228","**What command applies patch diff files to update source code files?** answer: patch","0"
"cards","8625","What command searches for text patterns or regular expressions inside files?",".","70","0","1786479228","**What command searches for text patterns or regular expressions inside files?** answer: grep","0"
"cards","8626","What stream editor performs non-interactive text transformations and substitutions?",".","70","0","1786479228","**What stream editor performs non-interactive text transformations and substitutions?** answer: sed","0"
"cards","8627","What text pattern scanning and processing language is used for field extraction?",".","70","0","1786479228","**What text pattern scanning and processing language is used for field extraction?** answer: awk","0"
"cards","8628","What command outputs the first lines (default 10) of a file?",".","70","0","1786479228","**What command outputs the first lines (default 10) of a file?** answer: head","0"
"cards","8629","What command outputs the last lines (default 10) of a file?",".","70","0","1786479228","**What command outputs the last lines (default 10) of a file?** answer: tail","0"
"cards","8630","What command continuously streams new lines added to a growing log file in real-time?",".","70","0","1786479228","**What command continuously streams new lines added to a growing log file in real-time?** answer: tail -f","0"
"cards","8631","What command copies and converts raw data bytes using block input and output?",".","70","0","1786479228","**What command copies and converts raw data bytes using block input and output?** answer: dd","0"
"cards","8632","What command creates, lists, or extracts compressed archive tarball files?",".","70","0","1786479228","**What command creates, lists, or extracts compressed archive tarball files?** answer: tar","0"
"cards","8633","What command compresses files using the LZ77/gzip compression algorithm?",".","70","0","1786479228","**What command compresses files using the LZ77/gzip compression algorithm?** answer: gzip","0"
"cards","8634","What command decompresses files compressed with gzip?",".","70","0","1786479228","**What command decompresses files compressed with gzip?** answer: gunzip","0"
"cards","8635","What command compresses files using the Burrows-Wheeler block-sorting algorithm?",".","70","0","1786479228","**What command compresses files using the Burrows-Wheeler block-sorting algorithm?** answer: bzip2","0"
"cards","8636","What command decompresses bzip2 compressed archive files?",".","70","0","1786479228","**What command decompresses bzip2 compressed archive files?** answer: bunzip2","0"
"cards","8637","What command compresses files using the high-ratio LZMA2 compression format?",".","70","0","1786479228","**What command compresses files using the high-ratio LZMA2 compression format?** answer: xz","0"
"cards","8638","What command extracts files compressed with xz format?",".","70","0","1786479228","**What command extracts files compressed with xz format?** answer: unxz","0"
"cards","8639","What command manages standard ZIP compressed archive files?",".","70","0","1786479228","**What command manages standard ZIP compressed archive files?** answer: zip / unzip","0"
"cards","8640","What command lists files and directories in a graphical indented tree layout?",".","70","0","1786479228","**What command lists files and directories in a graphical indented tree layout?** answer: tree","0"
"cards","8641","What command searches for files and directories across a filesystem hierarchy?",".","70","0","1786479228","**What command searches for files and directories across a filesystem hierarchy?** answer: find","0"
"cards","8642","What command looks up filenames quickly using a pre-built system filename index database?",".","70","0","1786479228","**What command looks up filenames quickly using a pre-built system filename index database?** answer: locate","0"
"cards","8643","What command locates the binary executable, source file, and manual page for a command?",".","70","0","1786479228","**What command locates the binary executable, source file, and manual page for a command?** answer: whereis","0"
"cards","8644","What command displays a static snapshot of active system processes?",".","70","0","1786479228","**What command displays a static snapshot of active system processes?** answer: ps","0"
"cards","8645","What command displays a dynamic, real-time interactive process management view?",".","70","0","1786479228","**What command displays a dynamic, real-time interactive process management view?** answer: top","0"
"cards","8646","What enhanced interactive process viewer provides a curses UI and color-coded lists?",".","70","0","1786479228","**What enhanced interactive process viewer provides a curses UI and color-coded lists?** answer: htop","0"
"cards","8647","What command terminates a process by sending a signal to its Process ID (PID)?",".","70","0","1786479228","**What command terminates a process by sending a signal to its Process ID (PID)?** answer: kill","0"
"cards","8648","What command terminates running processes by matching their command name string?",".","70","0","1786479228","**What command terminates running processes by matching their command name string?** answer: pkill","0"
"cards","8649","What command sends signals to all processes matching a specific command name?",".","70","0","1786479228","**What command sends signals to all processes matching a specific command name?** answer: killall","0"
"cards","8650","What signal number or name represents a graceful termination request (SIGTERM)?",".","70","0","1786479228","**What signal number or name represents a graceful termination request (SIGTERM)?** answer: 15 (SIGTERM)","0"
"cards","8651","What signal number or name represents a forced immediate kill signal (SIGKILL)?",".","70","0","1786479228","**What signal number or name represents a forced immediate kill signal (SIGKILL)?** answer: 9 (SIGKILL)","0"
"cards","8652","What signal number or name represents a terminal hangup or reload request (SIGHUP)?",".","70","0","1786479228","**What signal number or name represents a terminal hangup or reload request (SIGHUP)?** answer: 1 (SIGHUP)","0"
"cards","8653","What signal number or name represents an interactive interrupt signal from the keyboard (SIGINT)?",".","70","0","1786479228","**What signal number or name represents an interactive interrupt signal from the keyboard (SIGINT)?** answer: 2 (SIGINT)","0"
"cards","8654","What command lists active background jobs and stopped processes in the current shell?",".","70","0","1786479228","**What command lists active background jobs and stopped processes in the current shell?** answer: jobs","0"
"cards","8655","What command resumes a suspended background task in the background mode?",".","70","0","1786479228","**What command resumes a suspended background task in the background mode?** answer: bg","0"
"cards","8656","What command brings a background or suspended job back to the terminal foreground?",".","70","0","1786479228","**What command brings a background or suspended job back to the terminal foreground?** answer: fg","0"
"cards","8657","What command executes a program immune to terminal hangups after logout?",".","70","0","1786479228","**What command executes a program immune to terminal hangups after logout?** answer: nohup","0"
"cards","8658","What utility runs a command periodically and displays full-screen output repeatedly?",".","70","0","1786479228","**What utility runs a command periodically and displays full-screen output repeatedly?** answer: watch","0"
"cards","8659","What command reports the amount of free and used virtual memory and swap space?",".","70","0","1786479228","**What command reports the amount of free and used virtual memory and swap space?** answer: free","0"
"cards","8660","What command reports CPU utilization statistics and disk input/output bottlenecks?",".","70","0","1786479228","**What command reports CPU utilization statistics and disk input/output bottlenecks?** answer: iostat","0"
"cards","8661","What command reports overall system activity metrics across performance counters?",".","70","0","1786479228","**What command reports overall system activity metrics across performance counters?** answer: sar","0"
"cards","8662","What command displays real-time CPU load averages and system uptime duration?",".","70","0","1786479228","**What command displays real-time CPU load averages and system uptime duration?** answer: uptime","0"
"cards","8663","What file in the /proc filesystem tracks system uptime and idle time counters?",".","70","0","1786479228","**What file in the /proc filesystem tracks system uptime and idle time counters?** answer: /proc/uptime","0"
"cards","8664","What command sets the initial nice priority value for a new program execution?",".","70","0","1786479228","**What command sets the initial nice priority value for a new program execution?** answer: nice","0"
"cards","8665","What command modifies the nice scheduling priority value of an active process?",".","70","0","1786479228","**What command modifies the nice scheduling priority value of an active process?** answer: renice","0"
"cards","8666","What standard default nice priority value is assigned to normal user processes?",".","70","0","1786479228","**What standard default nice priority value is assigned to normal user processes?** answer: 0","0"
"cards","8667","What highest nice priority value (least favorable) can a standard user assign?",".","70","0","1786479228","**What highest nice priority value (least favorable) can a standard user assign?** answer: 19","0"
"cards","8668","What command searches for text patterns or regular expressions inside text files?",".","70","0","1786479228","**What command searches for text patterns or regular expressions inside text files?** answer: grep","0"
"cards","8669","What command searches files using fixed literal strings without regex parsing?",".","70","0","1786479228","**What command searches files using fixed literal strings without regex parsing?** answer: fgrep","0"
"cards","8670","What command searches files using Perl-compatible regular expressions (PCRE)?",".","70","0","1786479228","**What command searches files using Perl-compatible regular expressions (PCRE)?** answer: grep -P","0"
"cards","8671","What option in grep ignores case distinctions during text pattern matching?",".","70","0","1786479228","**What option in grep ignores case distinctions during text pattern matching?** answer: -i","0"
"cards","8672","What option in grep inverts the matching logic to show non-matching lines?",".","70","0","1786479228","**What option in grep inverts the matching logic to show non-matching lines?** answer: -v","0"
"cards","8673","What option in grep prints line numbers alongside matching result lines?",".","70","0","1786479228","**What option in grep prints line numbers alongside matching result lines?** answer: -n","0"
"cards","8674","What option in grep counts matching lines instead of printing the text content?",".","70","0","1786479228","**What option in grep counts matching lines instead of printing the text content?** answer: -c","0"
"cards","8675","What option in grep prints only names of files containing matching patterns?",".","70","0","1786479228","**What option in grep prints only names of files containing matching patterns?** answer: -l","0"
"cards","8676","What option in grep suppresses error messages for unreadable files?",".","70","0","1786479228","**What option in grep suppresses error messages for unreadable files?** answer: -s","0"
"cards","8677","What option in grep searches recursively through nested directory structures?",".","70","0","1786479228","**What option in grep searches recursively through nested directory structures?** answer: -r","0"
"cards","8678","What regular expression metacharacter matches any single arbitrary character?",".","70","0","1786479228","**What regular expression metacharacter matches any single arbitrary character?** answer: .","0"
"cards","8679","What regular expression metacharacter matches zero or more preceding elements?",".","70","0","1786479228","**What regular expression metacharacter matches zero or more preceding elements?** answer: *","0"
"cards","8680","What regular expression metacharacter anchors a pattern to the start of a line?",".","70","0","1786479228","**What regular expression metacharacter anchors a pattern to the start of a line?** answer: ^","0"
"cards","8681","What regular expression metacharacter anchors a pattern to the end of a line?",".","70","0","1786479228","**What regular expression metacharacter anchors a pattern to the end of a line?** answer: $","0"
"cards","8682","What bracket expression matches any single character contained in the set?",".","70","0","1786479228","**What bracket expression matches any single character contained in the set?** answer: [...]","0"
"cards","8683","What bracket expression negates a character set, matching any unlisted character?",".","70","0","1786479228","**What bracket expression negates a character set, matching any unlisted character?** answer: [^...]","0"
"cards","8684","What character escapes special regex metacharacters to treat them literally?",".","70","0","1786479228","**What character escapes special regex metacharacters to treat them literally?** answer: \","0"
"cards","8685","What FHS directory contains essential system binaries required for single-user mode and booting?",".","70","0","1786479228","**What FHS directory contains essential system binaries required for single-user mode and booting?** answer: /bin","0"
"cards","8686","What FHS directory contains system binaries and administration tools restricted to the root user?",".","70","0","1786479228","**What FHS directory contains system binaries and administration tools restricted to the root user?** answer: /sbin","0"
"cards","8687","What FHS directory contains static files required for the boot loader and kernel images?",".","70","0","1786479228","**What FHS directory contains static files required for the boot loader and kernel images?** answer: /boot","0"
"cards","8688","What FHS directory contains device special files representing hardware nodes?",".","70","0","1786479228","**What FHS directory contains device special files representing hardware nodes?** answer: /dev","0"
"cards","8689","What FHS directory contains system-wide configuration files?",".","70","0","1786479228","**What FHS directory contains system-wide configuration files?** answer: /etc","0"
"cards","8690","What FHS directory stores home directories for normal, non-root user accounts?",".","70","0","1786479228","**What FHS directory stores home directories for normal, non-root user accounts?** answer: /home","0"
"cards","8691","What FHS directory holds shared library files and kernel modules required by /bin and /sbin?",".","70","0","1786479228","**What FHS directory holds shared library files and kernel modules required by /bin and /sbin?** answer: /lib","0"
"cards","8692","What FHS directory serves as a temporary mount point for removable storage media?",".","70","0","1786479228","**What FHS directory serves as a temporary mount point for removable storage media?** answer: /media","0"
"cards","8693","What FHS directory acts as a standard mount point for locally attached temporary filesystems?",".","70","0","1786479228","**What FHS directory acts as a standard mount point for locally attached temporary filesystems?** answer: /mnt","0"
"cards","8694","What FHS directory contains optional, third-party application software packages?",".","70","0","1786479228","**What FHS directory contains optional, third-party application software packages?** answer: /opt","0"
"cards","8695","What FHS virtual directory provides a file-system interface to kernel and process data structures?",".","70","0","1786479228","**What FHS virtual directory provides a file-system interface to kernel and process data structures?** answer: /proc","0"
"cards","8696","What FHS directory holds administrative home data for the root user account?",".","70","0","1786479228","**What FHS directory holds administrative home data for the root user account?** answer: /root","0"
"cards","8697","What FHS directory contains run-time variable data, process IDs, and transient socket files?",".","70","0","1786479228","**What FHS directory contains run-time variable data, process IDs, and transient socket files?** answer: /run","0"
"cards","8698","What FHS directory stores shared binaries and libraries available to all general users?",".","70","0","1786479228","**What FHS directory stores shared binaries and libraries available to all general users?** answer: /usr","0"
"cards","8699","What FHS directory stores variable data including logs, spool files, and mail queues?",".","70","0","1786479228","**What FHS directory stores variable data including logs, spool files, and mail queues?** answer: /var","0"
"cards","8700","What FHS directory stores temporary files that can be safely cleared between reboots or maintenance?",".","70","0","1786479228","**What FHS directory stores temporary files that can be safely cleared between reboots or maintenance?** answer: /tmp","0"
"cards","8701","What subdirectory under /var contains system log files and log archives?",".","70","0","1786479228","**What subdirectory under /var contains system log files and log archives?** answer: /var/log","0"
"cards","8702","What subdirectory under /var contains temporary lock files used by system processes?",".","70","0","1786479228","**What subdirectory under /var contains temporary lock files used by system processes?** answer: /var/lock","0"
"cards","8703","What subdirectory under /var contains printer spoolers and mail queues?",".","70","0","1786479228","**What subdirectory under /var contains printer spoolers and mail queues?** answer: /var/spool","0"
"cards","8704","What file in /etc lists the types, names, and attributes of devices present in the system?",".","70","0","1786479228","**What file in /etc lists the types, names, and attributes of devices present in the system?** answer: /etc/fstab","0"
"cards","8705","What command displays file type classification (ASCII text, ELF executable, directory, etc.)?",".","70","0","1786479228","**What command displays file type classification (ASCII text, ELF executable, directory, etc.)?** answer: file","0"
"cards","8706","What tool creates a new master boot record partition table on a block device?",".","70","0","1786479228","**What tool creates a new master boot record partition table on a block device?** answer: fdisk","0"
"cards","8707","What tool creates a globally unique identifier (GPT) partition table on a storage device?",".","70","0","1786479228","**What tool creates a globally unique identifier (GPT) partition table on a storage device?** answer: gdisk","0"
"cards","8708","What command-line partitioning utility provides a curses text-user-interface for MBR disks?",".","70","0","1786479228","**What command-line partitioning utility provides a curses text-user-interface for MBR disks?** answer: cfdisk","0"
"cards","8709","What command-line partitioning utility provides a curses text-user-interface for GPT disks?",".","70","0","1786479228","**What command-line partitioning utility provides a curses text-user-interface for GPT disks?** answer: cgdisk","0"
"cards","8710","What command-line utility prints partition table layout details for block devices?",".","70","0","1786479228","**What command-line utility prints partition table layout details for block devices?** answer: parted -l","0"
"cards","8711","What tool creates a new partition table schema (such as msdos or gpt) using parted?",".","70","0","1786479228","**What tool creates a new partition table schema (such as msdos or gpt) using parted?** answer: parted /dev/sdb mklabel gpt","0"
"cards","8712","What command creates a primary partition spanning a specified sector range using parted?",".","70","0","1786479228","**What command creates a primary partition spanning a specified sector range using parted?** answer: parted /dev/sdb mkpart primary ext4 0% 100%","0"
"cards","8713","What command re-reads the kernel partition table after making changes with fdisk?",".","70","0","1786479228","**What command re-reads the kernel partition table after making changes with fdisk?** answer: partprobe","0"
"cards","8714","What utility creates swap space on a storage partition or file?",".","70","0","1786479228","**What utility creates swap space on a storage partition or file?** answer: mkswap","0"
"cards","8715","What command enables an inactive swap partition for memory usage?",".","70","0","1786479228","**What command enables an inactive swap partition for memory usage?** answer: swapon","0"
"cards","8716","What command displays the current active swap devices and memory priorities?",".","70","0","1786479228","**What command displays the current active swap devices and memory priorities?** answer: swapon --summary","0"
"cards","8717","What system utility manages partition creation and formatting using a high-level API?",".","70","0","1786479228","**What system utility manages partition creation and formatting using a high-level API?** answer: sfdisk","0"
"cards","8718","What command inspects partition block alignments for solid-state drive optimization?",".","70","0","1786479228","**What command inspects partition block alignments for solid-state drive optimization?** answer: lsblk -t","0"
"cards","8719","What command displays disk space usage and file system block counts?",".","70","0","1786479228","**What command displays disk space usage and file system block counts?** answer: df -h","0"
"cards","8720","What command checks inode consumption across mounted file systems?",".","70","0","1786479228","**What command checks inode consumption across mounted file systems?** answer: df -i","0"
"cards","8721","What command enables disk quotas for a mounted file system?",".","70","0","1786479228","**What command enables disk quotas for a mounted file system?** answer: quotaon","0"
"cards","8722","What command disables disk quotas for a mounted file system?",".","70","0","1786479228","**What command disables disk quotas for a mounted file system?** answer: quotaoff","0"
"cards","8723","What command displays a user's disk quota limits and current usage?",".","70","0","1786479228","**What command displays a user's disk quota limits and current usage?** answer: quota","0"
"cards","8724","What command generates a table of disk usage and checks file systems for quota statistics?",".","70","0","1786479228","**What command generates a table of disk usage and checks file systems for quota statistics?** answer: quotacheck","0"
"cards","8725","What command edits disk quota limits for a specific user account interactively?",".","70","0","1786479228","**What command edits disk quota limits for a specific user account interactively?** answer: edquota","0"
"cards","8726","What command reports disk space usage and quotas for all users across file systems?",".","70","0","1786479228","**What command reports disk space usage and quotas for all users across file systems?** answer: repquota","0"
"cards","8727","What command sets grace periods for soft quota limits on a file system?",".","70","0","1786479228","**What command sets grace periods for soft quota limits on a file system?** answer: edquota -t","0"
"cards","8728","What command copies disk quota settings from one user template to another user?",".","70","0","1786479228","**What command copies disk quota settings from one user template to another user?** answer: edquota -p","0"
"cards","8729","What command sets basic file or directory access permissions (read, write, execute)?",".","70","0","1786479228","**What command sets basic file or directory access permissions (read, write, execute)?** answer: chmod","0"
"cards","8730","What command changes the owner user and owner group of a file or directory?",".","70","0","1786479228","**What command changes the owner user and owner group of a file or directory?** answer: chown","0"
"cards","8731","What command changes only the group ownership of a file or directory?",".","70","0","1786479228","**What command changes only the group ownership of a file or directory?** answer: chgrp","0"
"cards","8732","What file permission octal value corresponds to read, write, and execute (rwx)?",".","70","0","1786479228","**What file permission octal value corresponds to read, write, and execute (rwx)?** answer: 7","0"
"cards","8733","What file permission octal value corresponds to read and execute (r-x)?",".","70","0","1786479228","**What file permission octal value corresponds to read and execute (r-x)?** answer: 5","0"
"cards","8734","What file permission octal value corresponds to read-only (r--) permissions?",".","70","0","1786479228","**What file permission octal value corresponds to read-only (r--) permissions?** answer: 4","0"
"cards","8735","What special permission sets the effective user ID to the file owner upon execution (SUID)?",".","70","0","1786479228","**What special permission sets the effective user ID to the file owner upon execution (SUID)?** answer: 4000 (or u+s)","0"
"cards","8736","What special permission sets the effective group ID to the file group upon execution (SGID)?",".","70","0","1786479228","**What special permission sets the effective group ID to the file group upon execution (SGID)?** answer: 2000 (or g+s)","0"
"cards","8737","What special permission restricts file deletion in shared directories to the file owner or root (Sticky Bit)?",".","70","0","1786479228","**What special permission restricts file deletion in shared directories to the file owner or root (Sticky Bit)?** answer: 1000 (or +t)","0"
"cards","8738","What command displays the current user's default permission mask for new files and directories?",".","70","0","1786479228","**What command displays the current user's default permission mask for new files and directories?** answer: umask","0"
"cards","8739","What octal umask value results in new files having default permissions of 644 and directories 755?",".","70","0","1786479228","**What octal umask value results in new files having default permissions of 644 and directories 755?** answer: 022","0"
"cards","8740","What command manages Access Control Lists (ACLs) to provide fine-grained file permissions?",".","70","0","1786479228","**What command manages Access Control Lists (ACLs) to provide fine-grained file permissions?** answer: setfacl","0"
"cards","8741","What command displays current Access Control Lists (ACLs) assigned to a file or directory?",".","70","0","1786479228","**What command displays current Access Control Lists (ACLs) assigned to a file or directory?** answer: getfacl","0"
"cards","8742","What command changes file attributes such as immutable or append-only on ext filesystems?",".","70","0","1786479228","**What command changes file attributes such as immutable or append-only on ext filesystems?** answer: chattr","0"
"cards","8743","What command displays file attributes set by chattr on ext filesystems?",".","70","0","1786479228","**What command displays file attributes set by chattr on ext filesystems?** answer: lsattr","0"
"cards","8744","What chattr attribute makes a file completely immutable, preventing modification, deletion, or renaming?",".","70","0","1786479228","**What chattr attribute makes a file completely immutable, preventing modification, deletion, or renaming?** answer: +i","0"
"cards","8745","What chattr attribute allows data to be added to a file only in append mode?",".","70","0","1786479228","**What chattr attribute allows data to be added to a file only in append mode?** answer: +a","0"
"cards","8746","What command displays symbolic links and target pathways for files?",".","70","0","1786479228","**What command displays symbolic links and target pathways for files?** answer: readlink","0"
"cards","8747","What command creates a hard link to an existing file?",".","70","0","1786479228","**What command creates a hard link to an existing file?** answer: ln","0"
"cards","8748","What command creates a symbolic (soft) link to a file or directory?",".","70","0","1786479228","**What command creates a symbolic (soft) link to a file or directory?** answer: ln -s","0"
"cards","8749","What command locates files or directories with specific permission bits set?",".","70","0","1786479228","**What command locates files or directories with specific permission bits set?** answer: find / -perm 644","0"
"cards","8750","What command searches for files owned by a specific user name or UID?",".","70","0","1786479228","**What command searches for files owned by a specific user name or UID?** answer: find /home -user username","0"
"cards","8751","What command searches for files larger than a specified size limit?",".","70","0","1786479228","**What command searches for files larger than a specified size limit?** answer: find /var -size +50M","0"
"cards","8752","What command executes a command on each file found by the find utility?",".","70","0","1786479228","**What command executes a command on each file found by the find utility?** answer: find . -name "*.log" -exec rm {} \;","0"
"cards","8753","What command updates the access and modification timestamps of a file to the current time?",".","70","0","1786479228","**What command updates the access and modification timestamps of a file to the current time?** answer: touch","0"
"cards","8754","What command displays or changes file modification, access, and change timestamps?",".","70","0","1786479228","**What command displays or changes file modification, access, and change timestamps?** answer: stat","0"
"cards","8755","What command creates a directory or nested directory structure recursively?",".","70","0","1786479228","**What command creates a directory or nested directory structure recursively?** answer: mkdir -p","0"
"cards","8756","What command removes empty directories from the file system?",".","70","0","1786479228","**What command removes empty directories from the file system?** answer: rmdir","0"
"cards","8757","What command removes files or directories recursively and forcefully?",".","70","0","1786479228","**What command removes files or directories recursively and forcefully?** answer: rm -rf","0"
"cards","8758","What command displays the online manual page (man page) for a command?",".","70","0","1786479228","**What command displays the online manual page (man page) for a command?** answer: man","0"
"cards","8759","What command searches through manual page descriptions for keywords?",".","70","0","1786479228","**What command searches through manual page descriptions for keywords?** answer: man -k","0"
"cards","8760","What command updates the database used by the man search utility (apropos)?",".","70","0","1786479228","**What command updates the database used by the man search utility (apropos)?** answer: mandb","0"
"cards","8761","What command displays short summary descriptions and usage for a command from its apropos database?",".","70","0","1786479228","**What command displays short summary descriptions and usage for a command from its apropos database?** answer: whatis","0"
"cards","8762","What command displays help documentation specifically formatted for GNU core utilities and programs?",".","70","0","1786479228","**What command displays help documentation specifically formatted for GNU core utilities and programs?** answer: info","0"
"cards","8763","What configuration file sets global behavior, search paths, and formatting options for man pages?",".","70","0","1786479228","**What configuration file sets global behavior, search paths, and formatting options for man pages?** answer: /etc/manpath.config","0"
"cards","8764","What environment variable defines the search path directories for manual pages?",".","70","0","1786479228","**What environment variable defines the search path directories for manual pages?** answer: MANPATH","0"
"cards","8765","What command begins a shell script execution with a specific shell interpreter specified in the shebang?",".","70","0","1786479228","**What command begins a shell script execution with a specific shell interpreter specified in the shebang?** answer: #!/bin/bash","0"
"cards","8766","What special character sequence at the very beginning of a script specifies the interpreter (shebang)?",".","70","0","1786479228","**What special character sequence at the very beginning of a script specifies the interpreter (shebang)?** answer: #!","0"
"cards","8767","What command makes a shell script file executable for the user or system?",".","70","0","1786479228","**What command makes a shell script file executable for the user or system?** answer: chmod +x","0"
"cards","8768","What command executes a shell script by invoking the bash interpreter explicitly?",".","70","0","1786479228","**What command executes a shell script by invoking the bash interpreter explicitly?** answer: bash script.sh","0"
"cards","8769","What command evaluates mathematical arithmetic expressions inside a shell script using double parentheses?",".","70","0","1786479228","**What command evaluates mathematical arithmetic expressions inside a shell script using double parentheses?** answer: $(( ))","0"
"cards","8770","What command tests conditions (file existence, string matching, numeric comparisons) in scripts?",".","70","0","1786479228","**What command tests conditions (file existence, string matching, numeric comparisons) in scripts?** answer: test","0"
"cards","8771","What shorthand bracket notation is equivalent to the test command in shell scripts?",".","70","0","1786479228","**What shorthand bracket notation is equivalent to the test command in shell scripts?** answer: [ ... ]","0"
"cards","8772","What advanced conditional bracket construct supports regex matching and eliminates standard shell word splitting bugs?",".","70","0","1786479228","**What advanced conditional bracket construct supports regex matching and eliminates standard shell word splitting bugs?** answer: [[ ... ]]","0"
"cards","8773","What control statement executes a block of commands repeatedly while a condition remains true?",".","70","0","1786479228","**What control statement executes a block of commands repeatedly while a condition remains true?** answer: while","0"
"cards","8774","What control statement executes commands iteratively across a specified list of items?",".","70","0","1786479228","**What control statement executes commands iteratively across a specified list of items?** answer: for","0"
"cards","8775","What control statement branches execution based on matching conditional expressions?",".","70","0","1786479228","**What control statement branches execution based on matching conditional expressions?** answer: if / else","0"
"cards","8776","What control statement provides multi-way branching based on the value of a variable or expression?",".","70","0","1786479228","**What control statement provides multi-way branching based on the value of a variable or expression?** answer: case","0"
"cards","8777","What command reads input from standard input and assigns it to a shell variable?",".","70","0","1786479228","**What command reads input from standard input and assigns it to a shell variable?** answer: read","0"
"cards","8778","What variable holds the total number of positional parameters passed to a shell script?",".","70","0","1786479228","**What variable holds the total number of positional parameters passed to a shell script?** answer: $#","0"
"cards","8779","What variable holds the exit status code of the previously executed command?",".","70","0","1786479228","**What variable holds the exit status code of the previously executed command?** answer: $?","0"
"cards","8780","What variable holds the name of the script itself as executed?",".","70","0","1786479228","**What variable holds the name of the script itself as executed?** answer: $0","0"
"cards","8781","What variable holds the value of the first positional argument passed to a script?",".","70","0","1786479228","**What variable holds the value of the first positional argument passed to a script?** answer: $1","0"
"cards","8782","What variable holds all positional parameters as a single string separated by spaces?",".","70","0","1786479228","**What variable holds all positional parameters as a single string separated by spaces?** answer: $*","0"
"cards","8783","What command exits a shell script immediately, returning a custom integer exit status code?",".","70","0","1786479228","**What command exits a shell script immediately, returning a custom integer exit status code?** answer: exit","0"
"cards","8784","What command defines a reusable block of code or function inside a shell script?",".","70","0","1786479228","**What command defines a reusable block of code or function inside a shell script?** answer: function_name() { ... }","0"
"cards","8785","What command forces the shell script to print each command and its arguments to standard output before running (debugging)?",".","70","0","1786479228","**What command forces the shell script to print each command and its arguments to standard output before running (debugging)?** answer: set -x","0"
"cards","8786","What command disables shell command tracing mode during debugging?",".","70","0","1786479228","**What command disables shell command tracing mode during debugging?** answer: set +x","0"
"cards","8787","What network configuration file historically defines static IP addresses, gateways, and netmasks in Debian?",".","70","0","1786479228","**What network configuration file historically defines static IP addresses, gateways, and netmasks in Debian?** answer: /etc/network/interfaces","0"
"cards","8788","What modern systemd service manages network configurations, interfaces, and connections in Debian Trixie?",".","70","0","1786479228","**What modern systemd service manages network configurations, interfaces, and connections in Debian Trixie?** answer: NetworkManager","0"
"cards","8789","What command-line tool manages NetworkManager connections and network devices?",".","70","0","1786479228","**What command-line tool manages NetworkManager connections and network devices?** answer: nmcli","0"
"cards","8790","What text-user-interface (TUI) tool configures NetworkManager connections interactively?",".","70","0","1786479228","**What text-user-interface (TUI) tool configures NetworkManager connections interactively?** answer: nmtui","0"
"cards","8791","What command displays current network interface configurations, IP addresses, and routing tables?",".","70","0","1786479228","**What command displays current network interface configurations, IP addresses, and routing tables?** answer: ip addr","0"
"cards","8792","What command modifies IP addresses and state of network interfaces directly?",".","70","0","1786479228","**What command modifies IP addresses and state of network interfaces directly?** answer: ip link","0"
"cards","8793","What command displays or manipulates the system IP routing table?",".","70","0","1786479228","**What command displays or manipulates the system IP routing table?** answer: ip route","0"
"cards","8794","What legacy command lists network interface configurations and hardware addresses (deprecated in favor of ip)?",".","70","0","1786479228","**What legacy command lists network interface configurations and hardware addresses (deprecated in favor of ip)?** answer: ifconfig","0"
"cards","8795","What legacy command displays active network routing tables (deprecated in favor of ip route)?",".","70","0","1786479228","**What legacy command displays active network routing tables (deprecated in favor of ip route)?** answer: route","0"
"cards","8796","What legacy command displays active socket connections and routing tables (deprecated in favor of ss)?",".","70","0","1786479228","**What legacy command displays active socket connections and routing tables (deprecated in favor of ss)?** answer: netstat","0"
"cards","8797","What modern command displays socket statistics, open ports, and network connections?",".","70","0","1786479228","**What modern command displays socket statistics, open ports, and network connections?** answer: ss","0"
"cards","8798","What command tests network connectivity to a remote host using ICMP echo requests?",".","70","0","1786479228","**What command tests network connectivity to a remote host using ICMP echo requests?** answer: ping","0"
"cards","8799","What command traces the network route packets take to reach a destination host?",".","70","0","1786479228","**What command traces the network route packets take to reach a destination host?** answer: traceroute","0"
"cards","8800","What command queries DNS name servers to resolve domain names into IP addresses?",".","70","0","1786479228","**What command queries DNS name servers to resolve domain names into IP addresses?** answer: dig","0"
"cards","8801","What utility performs DNS lookups using the operating system's resolver library?",".","70","0","1786479228","**What utility performs DNS lookups using the operating system's resolver library?** answer: nslookup","0"
"cards","8802","What command prints or modifies network interface parameters like speed and duplex?",".","70","0","1786479228","**What command prints or modifies network interface parameters like speed and duplex?** answer: ethtool","0"
"cards","8803","What configuration file lists static hostname-to-IP address mappings for local resolution?",".","70","0","1786479228","**What configuration file lists static hostname-to-IP address mappings for local resolution?** answer: /etc/hosts","0"
"cards","8804","What configuration file specifies upstream DNS nameservers used by the system resolver?",".","70","0","1786479228","**What configuration file specifies upstream DNS nameservers used by the system resolver?** answer: /etc/resolv.conf","0"
"cards","8805","What service manager handles local hostname resolution and caching in modern Debian?",".","70","0","1786479228","**What service manager handles local hostname resolution and caching in modern Debian?** answer: systemd-resolved","0"
"cards","8806","What command displays or changes the system's network hostname?",".","70","0","1786479228","**What command displays or changes the system's network hostname?** answer: hostnamectl","0"
"cards","8807","What file stores the static system hostname value in Debian?",".","70","0","1786479228","**What file stores the static system hostname value in Debian?** answer: /etc/hostname","0"
"cards","8808","What command captures and inspects network packet traffic flowing through an interface?",".","70","0","1786479228","**What command captures and inspects network packet traffic flowing through an interface?** answer: tcpdump","0"
"cards","8809","What file contains network port name mappings to service protocols (e.g., http -> 80)?",".","70","0","1786479228","**What file contains network port name mappings to service protocols (e.g., http -> 80)?** answer: /etc/services","0"
"cards","8810","What command lists open network ports and the corresponding listening processes?",".","70","0","1786479228","**What command lists open network ports and the corresponding listening processes?** answer: ss -tulpn","0"
"cards","8811","What command checks if a specific TCP port on a remote host is reachable?",".","70","0","1786479228","**What command checks if a specific TCP port on a remote host is reachable?** answer: nc (netcat)","0"
"cards","8812","What protocol securely logs into remote Linux systems over an encrypted network channel?",".","70","0","1786479228","**What protocol securely logs into remote Linux systems over an encrypted network channel?** answer: SSH","0"
"cards","8813","What configuration file controls server-side daemon settings for the SSH service?",".","70","0","1786479228","**What configuration file controls server-side daemon settings for the SSH service?** answer: /etc/ssh/sshd_config","0"
"cards","8814","What command generates SSH public and private cryptographic key pairs?",".","70","0","1786479228","**What command generates SSH public and private cryptographic key pairs?** answer: ssh-keygen","0"
"cards","8815","What command copies an SSH public key to a remote server for passwordless login?",".","70","0","1786479228","**What command copies an SSH public key to a remote server for passwordless login?** answer: ssh-copy-id","0"
"cards","8816","What directory inside a user's home path stores authorized SSH public keys?",".","70","0","1786479228","**What directory inside a user's home path stores authorized SSH public keys?** answer: ~/.ssh/authorized_keys","0"
"cards","8817","What command synchronizes files and directories locally or remotely via secure shell?",".","70","0","1786479228","**What command synchronizes files and directories locally or remotely via secure shell?** answer: rsync","0"
"cards","8818","What command creates a new user account on a Debian system?",".","70","0","1786479228","**What command creates a new user account on a Debian system?** answer: useradd","0"
"cards","8819","What low-level tool manages individual .rpm package files on Red Hat-based systems?",".","70","0","1786479228","**What low-level tool manages individual .rpm package files on Red Hat-based systems?** answer: rpm","0"
"cards","8820","What command installs an RPM package file while showing hash marks for progress?",".","70","0","1786479228","**What command installs an RPM package file while showing hash marks for progress?** answer: rpm -ivh","0"
"cards","8821","What command upgrades an installed RPM package or installs it if missing?",".","70","0","1786479228","**What command upgrades an installed RPM package or installs it if missing?** answer: rpm -Uvh","0"
"cards","8822","What command uninstalls or removes an installed RPM package by name?",".","70","0","1786479228","**What command uninstalls or removes an installed RPM package by name?** answer: rpm -e","0"
"cards","8823","What command queries whether a specific package is installed in the RPM database?",".","70","0","1786479228","**What command queries whether a specific package is installed in the RPM database?** answer: rpm -q","0"
"cards","8824","What command lists all files installed by a specific RPM package?",".","70","0","1786479228","**What command lists all files installed by a specific RPM package?** answer: rpm -ql","0"
"cards","8825","What command queries which package owns a specific file path on the system?",".","70","0","1786479228","**What command queries which package owns a specific file path on the system?** answer: rpm -qf","0"
"cards","8826","What command verifies the cryptographic integrity and file checksums of an installed RPM package?",".","70","0","1786479228","**What command verifies the cryptographic integrity and file checksums of an installed RPM package?** answer: rpm -V","0"
"cards","8827","What command rebuilds a corrupted RPM database index?",".","70","0","1786479228","**What command rebuilds a corrupted RPM database index?** answer: rpm --rebuilddb","0"
"cards","8828","What interactive high-level package manager resolves dependencies for RPM systems?",".","70","0","1786479228","**What interactive high-level package manager resolves dependencies for RPM systems?** answer: yum","0"
"cards","8829","What command installs a package and its dependencies using yum?",".","70","0","1786479228","**What command installs a package and its dependencies using yum?** answer: yum install","0"
"cards","8830","What command updates all packages on a yum-managed system?",".","70","0","1786479228","**What command updates all packages on a yum-managed system?** answer: yum update","0"
"cards","8831","What command removes a package and its unused dependencies using yum?",".","70","0","1786479228","**What command removes a package and its unused dependencies using yum?** answer: yum remove","0"
"cards","8832","What command searches for a package name or description using yum?",".","70","0","1786479228","**What command searches for a package name or description using yum?** answer: yum search","0"
"cards","8833","What modern successor to yum serves as the default high-level package manager for modern RPM distributions?",".","70","0","1786479228","**What modern successor to yum serves as the default high-level package manager for modern RPM distributions?** answer: dnf","0"
"cards","8834","What command installs a package using dnf?",".","70","0","1786479228","**What command installs a package using dnf?** answer: dnf install","0"
"cards","8835","What command updates all system packages using dnf?",".","70","0","1786479228","**What command updates all system packages using dnf?** answer: dnf upgrade","0"
"cards","8836","What package management tool is primarily used on openSUSE and SUSE Linux Enterprise distributions?",".","70","0","1786479228","**What package management tool is primarily used on openSUSE and SUSE Linux Enterprise distributions?** answer: zypper","0"
"cards","8837","What command installs a package using zypper?",".","70","0","1786479228","**What command installs a package using zypper?** answer: zypper install","0"
"cards","8838","What command refreshes software repositories using zypper?",".","70","0","1786479228","**What command refreshes software repositories using zypper?** answer: zypper refresh","0"
"cards","8839","What command updates all installed packages using zypper?",".","70","0","1786479228","**What command updates all installed packages using zypper?** answer: zypper update","0"
"cards","8840","What virtualization type runs guest operating systems on top of a hypervisor directly on hardware?",".","70","0","1786479228","**What virtualization type runs guest operating systems on top of a hypervisor directly on hardware?** answer: Type 1 (Bare-Metal) Virtualization","0"
"cards","8841","What virtualization type runs guest operating systems on top of a host operating system?",".","70","0","1786479228","**What virtualization type runs guest operating systems on top of a host operating system?** answer: Type 2 (Hosted) Virtualization","0"
"cards","8842","What lightweight virtualization technology shares the host kernel using cgroups and namespaces?",".","70","0","1786479228","**What lightweight virtualization technology shares the host kernel using cgroups and namespaces?** answer: Containers (such as Docker or Podman)","0"
"cards","8843","What command manages virtual machines and hypervisors via the libvirt API?",".","70","0","1786479228","**What command manages virtual machines and hypervisors via the libvirt API?** answer: virsh","0"
"cards","8844","What command lists all active and inactive virtual machines via libvirt?",".","70","0","1786479228","**What command lists all active and inactive virtual machines via libvirt?** answer: virsh list --all","0"
"cards","8845","What command starts a stopped virtual machine using virsh?",".","70","0","1786479228","**What command starts a stopped virtual machine using virsh?** answer: virsh start","0"
"cards","8846","What command gracefully shuts down a virtual machine via ACPI signals?",".","70","0","1786479228","**What command gracefully shuts down a virtual machine via ACPI signals?** answer: virsh shutdown","0"
"cards","8847","What command forces an immediate power off of a virtual machine?",".","70","0","1786479228","**What command forces an immediate power off of a virtual machine?** answer: virsh destroy","0"
"cards","8848","What command displays CPU architecture details and hardware specifications in Linux?",".","70","0","1786479228","**What command displays CPU architecture details and hardware specifications in Linux?** answer: lscpu","0"
"cards","8849","What command displays total physical and swap memory statistics in megabytes or gigabytes?",".","70","0","1786479228","**What command displays total physical and swap memory statistics in megabytes or gigabytes?** answer: free -h","0"
"cards","8850","What command displays block device storage layout and partition sizes?",".","70","0","1786479228","**What command displays block device storage layout and partition sizes?** answer: lsblk","0"
"cards","8851","What command prints system hardware details probed from the kernel device tree?",".","70","0","1786479228","**What command prints system hardware details probed from the kernel device tree?** answer: lshw","0"
"cards","8852","What command lists PCI hardware devices connected to the motherboard?",".","70","0","1786479228","**What command lists PCI hardware devices connected to the motherboard?** answer: lspci","0"
"cards","8853","What command lists USB hardware controllers and connected USB devices?",".","70","0","1786479228","**What command lists USB hardware controllers and connected USB devices?** answer: lsusb","0"
"cards","8854","What command displays or sets the system date and time?",".","70","0","1786479228","**What command displays or sets the system date and time?** answer: date","0"
"cards","8855","What command displays a calendar of the current month or specified year?",".","70","0","1786479228","**What command displays a calendar of the current month or specified year?** answer: cal","0"
"cards","8856","What command displays the command history of previously executed shell commands?",".","70","0","1786479228","**What command displays the command history of previously executed shell commands?** answer: history","0"
"cards","8857","What shortcut executes a specific command from history by its entry number (e.g., command 42)?",".","70","0","1786479228","**What shortcut executes a specific command from history by its entry number (e.g., command 42)?** answer: !42","0"
"cards","8858","What shortcut re-executes the very last command run in the shell session?",".","70","0","1786479228","**What shortcut re-executes the very last command run in the shell session?** answer: !!","0"
"cards","8859","What shortcut searches interactively through previous shell history entries?",".","70","0","1786479228","**What shortcut searches interactively through previous shell history entries?** answer: Ctrl + R","0"
"cards","8860","What command clears the terminal screen buffer?",".","70","0","1786479228","**What command clears the terminal screen buffer?** answer: clear","0"
"cards","8861","What low-level tool manages individual .rpm package files on Red Hat-based systems?",".","70","0","1786479228","**What low-level tool manages individual .rpm package files on Red Hat-based systems?** answer: rpm","0"
"cards","8862","What command installs an RPM package file while showing hash marks for progress?",".","70","0","1786479228","**What command installs an RPM package file while showing hash marks for progress?** answer: rpm -ivh","0"
"cards","8863","What command upgrades an installed RPM package or installs it if missing?",".","70","0","1786479228","**What command upgrades an installed RPM package or installs it if missing?** answer: rpm -Uvh","0"
"cards","8864","What command uninstalls or removes an installed RPM package by name?",".","70","0","1786479228","**What command uninstalls or removes an installed RPM package by name?** answer: rpm -e","0"
"cards","8865","What command queries whether a specific package is installed in the RPM database?",".","70","0","1786479228","**What command queries whether a specific package is installed in the RPM database?** answer: rpm -q","0"
"cards","8866","What command lists all files installed by a specific RPM package?",".","70","0","1786479228","**What command lists all files installed by a specific RPM package?** answer: rpm -ql","0"
"cards","8867","What command queries which package owns a specific file path on the system?",".","70","0","1786479228","**What command queries which package owns a specific file path on the system?** answer: rpm -qf","0"
"cards","8868","What command verifies the cryptographic integrity and file checksums of an installed RPM package?",".","70","0","1786479228","**What command verifies the cryptographic integrity and file checksums of an installed RPM package?** answer: rpm -V","0"
"cards","8869","What command rebuilds a corrupted RPM database index?",".","70","0","1786479228","**What command rebuilds a corrupted RPM database index?** answer: rpm --rebuilddb","0"
"cards","8870","What interactive high-level package manager resolves dependencies for RPM systems?",".","70","0","1786479228","**What interactive high-level package manager resolves dependencies for RPM systems?** answer: yum","0"
"cards","8871","What command installs a package and its dependencies using yum?",".","70","0","1786479228","**What command installs a package and its dependencies using yum?** answer: yum install","0"
"cards","8872","What command updates all packages on a yum-managed system?",".","70","0","1786479228","**What command updates all packages on a yum-managed system?** answer: yum update","0"
"cards","8873","What command removes a package and its unused dependencies using yum?",".","70","0","1786479228","**What command removes a package and its unused dependencies using yum?** answer: yum remove","0"
"cards","8874","What command searches for a package name or description using yum?",".","70","0","1786479228","**What command searches for a package name or description using yum?** answer: yum search","0"
"cards","8875","What modern successor to yum serves as the default high-level package manager for modern RPM distributions?",".","70","0","1786479228","**What modern successor to yum serves as the default high-level package manager for modern RPM distributions?** answer: dnf","0"
"cards","8876","What command installs a package using dnf?",".","70","0","1786479228","**What command installs a package using dnf?** answer: dnf install","0"
"cards","8877","What command updates all system packages using dnf?",".","70","0","1786479228","**What command updates all system packages using dnf?** answer: dnf upgrade","0"
"cards","8878","What package management tool is primarily used on openSUSE and SUSE Linux Enterprise distributions?",".","70","0","1786479228","**What package management tool is primarily used on openSUSE and SUSE Linux Enterprise distributions?** answer: zypper","0"
"cards","8879","What command installs a package using zypper?",".","70","0","1786479228","**What command installs a package using zypper?** answer: zypper install","0"
"cards","8880","What command refreshes software repositories using zypper?",".","70","0","1786479228","**What command refreshes software repositories using zypper?** answer: zypper refresh","0"
"cards","8881","What command updates all installed packages using zypper?",".","70","0","1786479228","**What command updates all installed packages using zypper?** answer: zypper update","0"
"cards","8882","What virtualization type runs guest operating systems on top of a hypervisor directly on hardware?",".","70","0","1786479228","**What virtualization type runs guest operating systems on top of a hypervisor directly on hardware?** answer: Type 1 (Bare-Metal) Virtualization","0"
"cards","8883","What virtualization type runs guest operating systems on top of a host operating system?",".","70","0","1786479228","**What virtualization type runs guest operating systems on top of a host operating system?** answer: Type 2 (Hosted) Virtualization","0"
"cards","8884","What lightweight virtualization technology shares the host kernel using cgroups and namespaces?",".","70","0","1786479228","**What lightweight virtualization technology shares the host kernel using cgroups and namespaces?** answer: Containers (such as Docker or Podman)","0"
"cards","8885","What command manages virtual machines and hypervisors via the libvirt API?",".","70","0","1786479228","**What command manages virtual machines and hypervisors via the libvirt API?** answer: virsh","0"
"cards","8886","What command lists all active and inactive virtual machines via libvirt?",".","70","0","1786479228","**What command lists all active and inactive virtual machines via libvirt?** answer: virsh list --all","0"
"cards","8887","What command starts a stopped virtual machine using virsh?",".","70","0","1786479228","**What command starts a stopped virtual machine using virsh?** answer: virsh start","0"
"cards","8888","What command gracefully shuts down a virtual machine via ACPI signals?",".","70","0","1786479228","**What command gracefully shuts down a virtual machine via ACPI signals?** answer: virsh shutdown","0"
"cards","8889","What command forces an immediate power off of a virtual machine?",".","70","0","1786479228","**What command forces an immediate power off of a virtual machine?** answer: virsh destroy","0"
"cards","8890","What command displays CPU architecture details and hardware specifications in Linux?",".","70","0","1786479228","**What command displays CPU architecture details and hardware specifications in Linux?** answer: lscpu","0"
"cards","8891","What command displays total physical and swap memory statistics in megabytes or gigabytes?",".","70","0","1786479228","**What command displays total physical and swap memory statistics in megabytes or gigabytes?** answer: free -h","0"
"cards","8892","What command displays block device storage layout and partition sizes?",".","70","0","1786479228","**What command displays block device storage layout and partition sizes?** answer: lsblk","0"
"cards","8893","What command prints system hardware details probed from the kernel device tree?",".","70","0","1786479228","**What command prints system hardware details probed from the kernel device tree?** answer: lshw","0"
"cards","8894","What command lists PCI hardware devices connected to the motherboard?",".","70","0","1786479228","**What command lists PCI hardware devices connected to the motherboard?** answer: lspci","0"
"cards","8895","What command lists USB hardware controllers and connected USB devices?",".","70","0","1786479228","**What command lists USB hardware controllers and connected USB devices?** answer: lsusb","0"
"cards","8896","What command displays or sets the system date and time?",".","70","0","1786479228","**What command displays or sets the system date and time?** answer: date","0"
"cards","8897","What command displays a calendar of the current month or specified year?",".","70","0","1786479228","**What command displays a calendar of the current month or specified year?** answer: cal","0"
"cards","8898","What command displays the command history of previously executed shell commands?",".","70","0","1786479228","**What command displays the command history of previously executed shell commands?** answer: history","0"
"cards","8899","What shortcut executes a specific command from history by its entry number (e.g., command 42)?",".","70","0","1786479228","**What shortcut executes a specific command from history by its entry number (e.g., command 42)?** answer: !42","0"
"cards","8900","What shortcut re-executes the very last command run in the shell session?",".","70","0","1786479228","**What shortcut re-executes the very last command run in the shell session?** answer: !!","0"
"cards","8901","What shortcut searches interactively through previous shell history entries?",".","70","0","1786479228","**What shortcut searches interactively through previous shell history entries?** answer: Ctrl + R","0"
"cards","8902","What command clears the terminal screen buffer?",".","70","0","1786479228","**What command clears the terminal screen buffer?** answer: clear","0"
"cards","8903","What command searches for lines matching patterns using basic or extended regular expressions?",".","70","0","1786479228","**What command searches for lines matching patterns using basic or extended regular expressions?** answer: grep","0"
"cards","8904","What command searches for fixed, literal text strings without interpreting regular expression metacharacters?",".","70","0","1786479228","**What command searches for fixed, literal text strings without interpreting regular expression metacharacters?** answer: fgrep","0"
"cards","8905","What command searches files using Perl-compatible regular expressions (PCRE)?",".","70","0","1786479228","**What command searches files using Perl-compatible regular expressions (PCRE)?** answer: grep -P","0"
"cards","8906","What option in grep makes the search case-insensitive?",".","70","0","1786479228","**What option in grep makes the search case-insensitive?** answer: -i","0"
"cards","8907","What option in grep prints only the names of files that contain matching patterns?",".","70","0","1786479228","**What option in grep prints only the names of files that contain matching patterns?** answer: -l","0"
"cards","8908","What option in grep prints line numbers alongside matching lines?",".","70","0","1786479228","**What option in grep prints line numbers alongside matching lines?** answer: -n","0"
"cards","8909","What option in grep counts the number of matching lines rather than printing their text?",".","70","0","1786479228","**What option in grep counts the number of matching lines rather than printing their text?** answer: -c","0"
"cards","8910","What option in grep inverts the matching criteria to show non-matching lines?",".","70","0","1786479228","**What option in grep inverts the matching criteria to show non-matching lines?** answer: -v","0"
"cards","8911","What option in grep searches directories recursively for patterns?",".","70","0","1786479228","**What option in grep searches directories recursively for patterns?** answer: -r","0"
"cards","8912","What regular expression metacharacter matches any single arbitrary character except newline?",".","70","0","1786479228","**What regular expression metacharacter matches any single arbitrary character except newline?** answer: .","0"
"cards","8913","What regular expression metacharacter matches zero or more occurrences of the preceding element?",".","70","0","1786479228","**What regular expression metacharacter matches zero or more occurrences of the preceding element?** answer: *","0"
"cards","8914","What regular expression metacharacter anchors a pattern to the beginning of a line?",".","70","0","1786479228","**What regular expression metacharacter anchors a pattern to the beginning of a line?** answer: ^","0"
"cards","8915","What regular expression metacharacter anchors a pattern to the end of a line?",".","70","0","1786479228","**What regular expression metacharacter anchors a pattern to the end of a line?** answer: $","0"
"cards","8916","What bracket expression matches any single character contained within the character class set?",".","70","0","1786479228","**What bracket expression matches any single character contained within the character class set?** answer: [...]","0"
"cards","8917","What bracket expression matches any single character not listed inside the character class set?",".","70","0","1786479228","**What bracket expression matches any single character not listed inside the character class set?** answer: [^...]","0"
"cards","8918","What character escapes special regex metacharacters so they are treated as literal characters?",".","70","0","1786479228","**What character escapes special regex metacharacters so they are treated as literal characters?** answer: \","0"
"cards","8919","What extended regular expression metacharacter matches one or more occurrences of the preceding element?",".","70","0","1786479228","**What extended regular expression metacharacter matches one or more occurrences of the preceding element?** answer: +","0"
"cards","8920","What extended regular expression metacharacter matches zero or one occurrence of the preceding element?",".","70","0","1786479228","**What extended regular expression metacharacter matches zero or one occurrence of the preceding element?** answer: ?","0"
"cards","8921","What extended regular expression metacharacter specifies alternation (logical OR)?",".","70","0","1786479228","**What extended regular expression metacharacter specifies alternation (logical OR)?** answer: |","0"
"cards","8922","What command streams text transformations, substitutions, and pattern filtering non-interactively?",".","70","0","1786479228","**What command streams text transformations, substitutions, and pattern filtering non-interactively?** answer: sed","0"
"cards","8923","What command extracts specific fields and columns from text lines using delimiter patterns?",".","70","0","1786479228","**What command extracts specific fields and columns from text lines using delimiter patterns?** answer: awk","0"
"cards","8924","What command locates files anywhere on the system directory tree by name?",".","70","0","1786479228","**What command locates files anywhere on the system directory tree by name?** answer: locate","0"
"cards","8925","What command updates the database index used by the locate command?",".","70","0","1786479228","**What command updates the database index used by the locate command?** answer: updatedb","0"
"cards","8926","What command finds files in a directory hierarchy based on permissions, size, time, or name?",".","70","0","1786479228","**What command finds files in a directory hierarchy based on permissions, size, time, or name?** answer: find","0"
"cards","8927","What option in find restricts the search depth to a maximum number of subdirectories?",".","70","0","1786479228","**What option in find restricts the search depth to a maximum number of subdirectories?** answer: -maxdepth","0"
"cards","8928","What option in find filters files by their exact or relative file size?",".","70","0","1786479228","**What option in find filters files by their exact or relative file size?** answer: -size","0"
"cards","8929","What option in find filters files by their modification time in days?",".","70","0","1786479228","**What option in find filters files by their modification time in days?** answer: -mtime","0"
"cards","8930","What option in find executes a shell command on every discovered file path?",".","70","0","1786479228","**What option in find executes a shell command on every discovered file path?** answer: -exec","0"
"cards","8931","What command streams text transformations, substitutions, and non-interactive editing?",".","70","0","1786479228","**What command streams text transformations, substitutions, and non-interactive editing?** answer: sed","0"
"cards","8932","What sed flag replaces all occurrences of a pattern on a line rather than just the first?",".","70","0","1786479228","**What sed flag replaces all occurrences of a pattern on a line rather than just the first?** answer: g (global)","0"
"cards","8933","What sed command prints lines matching a pattern or performs stream filtering?",".","70","0","1786479228","**What sed command prints lines matching a pattern or performs stream filtering?** answer: p","0"
"cards","8934","What sed command deletes lines matching a specified pattern from the output stream?",".","70","0","1786479228","**What sed command deletes lines matching a specified pattern from the output stream?** answer: d","0"
"cards","8935","What sed option allows multiple editing expressions to be passed on the command line?",".","70","0","1786479228","**What sed option allows multiple editing expressions to be passed on the command line?** answer: -e","0"
"cards","8936","What sed option reads editing commands from an external script file?",".","70","0","1786479228","**What sed option reads editing commands from an external script file?** answer: -f","0"
"cards","8937","What text pattern scanning and processing language is used for field extraction and reporting?",".","70","0","1786479228","**What text pattern scanning and processing language is used for field extraction and reporting?** answer: awk","0"
"cards","8938","What built-in awk variable represents the current line number of the input file?",".","70","0","1786479228","**What built-in awk variable represents the current line number of the input file?** answer: NR","0"
"cards","8939","What built-in awk variable represents the total number of fields in the current record?",".","70","0","1786479228","**What built-in awk variable represents the total number of fields in the current record?** answer: NF","0"
"cards","8940","What built-in awk variable specifies the field input separator character (default is whitespace)?",".","70","0","1786479228","**What built-in awk variable specifies the field input separator character (default is whitespace)?** answer: FS","0"
"cards","8941","What built-in awk variable specifies the output field separator character?",".","70","0","1786479228","**What built-in awk variable specifies the output field separator character?** answer: OFS","0"
"cards","8942","What command archives multiple files and directories into a single tape archive file?",".","70","0","1786479228","**What command archives multiple files and directories into a single tape archive file?** answer: tar","0"
"cards","8943","What option in tar creates a new archive file?",".","70","0","1786479228","**What option in tar creates a new archive file?** answer: -c","0"
"cards","8944","What option in tar extracts files from an archive?",".","70","0","1786479228","**What option in tar extracts files from an archive?** answer: -x","0"
"cards","8945","What option in tar lists the contents of an archive file without extracting?",".","70","0","1786479228","**What option in tar lists the contents of an archive file without extracting?** answer: -t","0"
"cards","8946","What option in tar specifies the filename of the archive?",".","70","0","1786479228","**What option in tar specifies the filename of the archive?** answer: -f","0"
"cards","8947","What option in tar compresses or decompresses an archive using gzip?",".","70","0","1786479228","**What option in tar compresses or decompresses an archive using gzip?** answer: -z","0"
"cards","8948","What option in tar compresses or decompresses an archive using bzip2?",".","70","0","1786479228","**What option in tar compresses or decompresses an archive using bzip2?** answer: -j","0"
"cards","8949","What option in tar compresses or decompresses an archive using xz?",".","70","0","1786479228","**What option in tar compresses or decompresses an archive using xz?** answer: -J","0"
"cards","8950","What option in tar preserves absolute or relative paths and file permissions during extraction?",".","70","0","1786479228","**What option in tar preserves absolute or relative paths and file permissions during extraction?** answer: -p","0"
"cards","8951","What command compresses files using the LZ77/gzip algorithm?",".","70","0","1786479228","**What command compresses files using the LZ77/gzip algorithm?** answer: gzip","0"
"cards","8952","What command decompresses gzip archive files?",".","70","0","1786479228","**What command decompresses gzip archive files?** answer: gunzip","0"
"cards","8953","What command compresses files using the block-sorting bzip2 algorithm?",".","70","0","1786479228","**What command compresses files using the block-sorting bzip2 algorithm?** answer: bzip2","0"
"cards","8954","What command decompresses bzip2 archive files?",".","70","0","1786479228","**What command decompresses bzip2 archive files?** answer: bunzip2","0"
"cards","8955","What command compresses files using the high-ratio LZMA2 algorithm?",".","70","0","1786479228","**What command compresses files using the high-ratio LZMA2 algorithm?** answer: xz","0"
"cards","8956","What command decompresses xz archive files?",".","70","0","1786479228","**What command decompresses xz archive files?** answer: unxz","0"
"cards","8957","What command displays compression ratios and file sizes for gzip-compressed files?",".","70","0","1786479228","**What command displays compression ratios and file sizes for gzip-compressed files?** answer: gunzip -l","0"
"cards","8958","What command manages PKZip-compatible archive files?",".","70","0","1786479228","**What command manages PKZip-compatible archive files?** answer: zip / unzip","0"
"cards","8959","What command lists contents of a zip archive file without extracting it?",".","70","0","1786479228","**What command lists contents of a zip archive file without extracting it?** answer: unzip -l","0"
"cards","8960","What command creates a compressed backup archive while excluding specific file extensions?",".","70","0","1786479228","**What command creates a compressed backup archive while excluding specific file extensions?** answer: tar --exclude='*.log' -czf backup.tar.gz /var/log","0"
"cards","8961","What command compares two uncompressed archives or verifies file integrity?",".","70","0","1786479228","**What command compares two uncompressed archives or verifies file integrity?** answer: cmp","0"
"cards","8962","What command compares two files byte by byte, reporting differing byte offsets?",".","70","0","1786479228","**What command compares two files byte by byte, reporting differing byte offsets?** answer: cmp","0"
"cards","8963","What command compares two files line by line, outputting matching and differing sections?",".","70","0","1786479228","**What command compares two files line by line, outputting matching and differing sections?** answer: diff","0"
"cards","8964","What command displays the partition table layout for all block storage devices?",".","70","0","1786479228","**What command displays the partition table layout for all block storage devices?** answer: fdisk -l","0"
"cards","8965","What command creates an MBR (Master Boot Record) partition table on a disk using parted?",".","70","0","1786479228","**What command creates an MBR (Master Boot Record) partition table on a disk using parted?** answer: parted /dev/sdb mklabel msdos","0"
"cards","8966","What command creates a GPT (GUID Partition Table) on a disk using parted?",".","70","0","1786479228","**What command creates a GPT (GUID Partition Table) on a disk using parted?** answer: parted /dev/sdb mklabel gpt","0"
"cards","8967","What command creates a primary partition spanning the entire drive using parted?",".","70","0","1786479228","**What command creates a primary partition spanning the entire drive using parted?** answer: parted /dev/sdb mkpart primary ext4 0% 100%","0"
"cards","8968","What interactive partitioning tool uses a curses text-user-interface for MBR disks?",".","70","0","1786479228","**What interactive partitioning tool uses a curses text-user-interface for MBR disks?** answer: cfdisk","0"
"cards","8969","What interactive partitioning tool uses a curses text-user-interface for GPT disks?",".","70","0","1786479228","**What interactive partitioning tool uses a curses text-user-interface for GPT disks?** answer: cgdisk","0"
"cards","8970","What command tells the Linux kernel to re-read the partition table without rebooting?",".","70","0","1786479228","**What command tells the Linux kernel to re-read the partition table without rebooting?** answer: partprobe","0"
"cards","8971","What command formats a partition with the ext4 filesystem?",".","70","0","1786479228","**What command formats a partition with the ext4 filesystem?** answer: mkfs.ext4","0"
"cards","8972","What command formats a partition with the XFS filesystem?",".","70","0","1786479228","**What command formats a partition with the XFS filesystem?** answer: mkfs.xfs","0"
"cards","8973","What command formats a partition with the Btrfs filesystem?",".","70","0","1786479228","**What command formats a partition with the Btrfs filesystem?** answer: mkfs.btrfs","0"
"cards","8974","What command formats a storage block device as swap space?",".","70","0","1786479228","**What command formats a storage block device as swap space?** answer: mkswap","0"
"cards","8975","What command enables a configured swap partition for system memory usage?",".","70","0","1786479228","**What command enables a configured swap partition for system memory usage?** answer: swapon","0"
"cards","8976","What command disables an active swap partition?",".","70","0","1786479228","**What command disables an active swap partition?** answer: swapoff","0"
"cards","8977","What command displays a summary of currently active swap devices and usage?",".","70","0","1786479228","**What command displays a summary of currently active swap devices and usage?** answer: swapon --summary","0"
"cards","8978","What command prints partition block layouts and device hierarchies in a tree structure?",".","70","0","1786479228","**What command prints partition block layouts and device hierarchies in a tree structure?** answer: lsblk","0"
"cards","8979","What command displays block device attributes such as UUIDs and filesystem types?",".","70","0","1786479228","**What command displays block device attributes such as UUIDs and filesystem types?** answer: blkid","0"
"cards","8980","What command checks for bad sectors and blocks on a storage drive?",".","70","0","1786479228","**What command checks for bad sectors and blocks on a storage drive?** answer: badblocks","0"
"cards","8981","What utility modifies tunable parameters on an ext4 filesystem without reformatting?",".","70","0","1786479228","**What utility modifies tunable parameters on an ext4 filesystem without reformatting?** answer: tune2fs","0"
"cards","8982","What option in tune2fs sets a new volume label on an ext4 partition?",".","70","0","1786479228","**What option in tune2fs sets a new volume label on an ext4 partition?** answer: -L","0"
"cards","8983","What option in tune2fs sets a new UUID on an ext4 partition?",".","70","0","1786479228","**What option in tune2fs sets a new UUID on an ext4 partition?** answer: -U","0"
"cards","8984","What utility dumps internal block group details and superblock metrics of an ext4 filesystem?",".","70","0","1786479228","**What utility dumps internal block group details and superblock metrics of an ext4 filesystem?** answer: dumpe2fs","0"
"cards","8985","What command checks and repairs consistency errors on an ext4 filesystem?",".","70","0","1786479228","**What command checks and repairs consistency errors on an ext4 filesystem?** answer: fsck.ext4","0"
"cards","8986","What command checks and repairs consistency errors on an XFS filesystem?",".","70","0","1786479228","**What command checks and repairs consistency errors on an XFS filesystem?** answer: xfs_repair","0"
"cards","8987","What command mounts a filesystem to a target mount point directory?",".","70","0","1786479228","**What command mounts a filesystem to a target mount point directory?** answer: mount","0"
"cards","8988","What command unmounts a currently mounted filesystem?",".","70","0","1786479228","**What command unmounts a currently mounted filesystem?** answer: umount","0"
"cards","8989","What file defines static filesystems, mount points, and options loaded at boot?",".","70","0","1786479228","**What file defines static filesystems, mount points, and options loaded at boot?** answer: /etc/fstab","0"
"cards","8990","What mount option in /etc/fstab makes a filesystem read-only?",".","70","0","1786479228","**What mount option in /etc/fstab makes a filesystem read-only?** answer: ro","0"
"cards","8991","What mount option in /etc/fstab controls whether the dump utility backs up the filesystem?",".","70","0","1786479228","**What mount option in /etc/fstab controls whether the dump utility backs up the filesystem?** answer: 0 (dump flag)","0"
"cards","8992","What mount option in /etc/fstab sets the order in which fsck checks filesystems at boot?",".","70","0","1786479228","**What mount option in /etc/fstab sets the order in which fsck checks filesystems at boot?** answer: pass (fsck order number)","0"
"cards","8993","What command checks and repairs an ext2, ext3, or ext4 filesystem?",".","70","0","1786479228","**What command checks and repairs an ext2, ext3, or ext4 filesystem?** answer: fsck","0"
"cards","8994","What command checks an XFS filesystem for structural integrity and corruption?",".","70","0","1786479228","**What command checks an XFS filesystem for structural integrity and corruption?** answer: xfs_repair","0"
"cards","8995","What command displays free and used disk space on all mounted filesystems in human-readable format?",".","70","0","1786479228","**What command displays free and used disk space on all mounted filesystems in human-readable format?** answer: df -h","0"
"cards","8996","What command displays inode consumption and availability across mounted filesystems?",".","70","0","1786479228","**What command displays inode consumption and availability across mounted filesystems?** answer: df -i","0"
"cards","8997","What command summarizes disk space usage for a specific directory and its subdirectories recursively?",".","70","0","1786479228","**What command summarizes disk space usage for a specific directory and its subdirectories recursively?** answer: du -sh","0"
"cards","8998","What command displays real-time free and used memory and swap statistics?",".","70","0","1786479228","**What command displays real-time free and used memory and swap statistics?** answer: free -h","0"
"cards","8999","What file defines static file systems, storage device mapping, and mount options loaded at boot time?",".","70","0","1786479228","**What file defines static file systems, storage device mapping, and mount options loaded at boot time?** answer: /etc/fstab","0"
"cards","9000","What command mounts all filesystems listed in /etc/fstab with the auto option?",".","70","0","1786479228","**What command mounts all filesystems listed in /etc/fstab with the auto option?** answer: mount -a","0"
"cards","9001","What command unmounts all filesystems marked as unmountable or specified in /etc/fstab?",".","70","0","1786479228","**What command unmounts all filesystems marked as unmountable or specified in /etc/fstab?** answer: umount -a","0"
"cards","9002","What option in /etc/fstab prevents a filesystem from being mounted automatically during mount -a?",".","70","0","1786479228","**What option in /etc/fstab prevents a filesystem from being mounted automatically during mount -a?** answer: noauto","0"
"cards","9003","What option in /etc/fstab allows normal non-root users to mount and unmount a filesystem?",".","70","0","1786479228","**What option in /etc/fstab allows normal non-root users to mount and unmount a filesystem?** answer: user","0"
"cards","9004","What option in /etc/fstab restricts normal users from mounting a filesystem?",".","70","0","1786479228","**What option in /etc/fstab restricts normal users from mounting a filesystem?** answer: nouser","0"
"cards","9005","What option in /etc/fstab enables read-write access to a filesystem?",".","70","0","1786479228","**What option in /etc/fstab enables read-write access to a filesystem?** answer: rw","0"
"cards","9006","What option in /etc/fstab makes a filesystem mounted as read-only?",".","70","0","1786479228","**What option in /etc/fstab makes a filesystem mounted as read-only?** answer: ro","0"
"cards","9007","What option in /etc/fstab specifies that file access timestamps should not be updated on read operations to improve performance?",".","70","0","1786479228","**What option in /etc/fstab specifies that file access timestamps should not be updated on read operations to improve performance?** answer: noatime","0"
"cards","9008","What directory stores temporary symlinks mapping block device UUIDs to their device nodes?",".","70","0","1786479228","**What directory stores temporary symlinks mapping block device UUIDs to their device nodes?** answer: /dev/disk/by-uuid/","0"
"cards","9009","What directory stores symlinks mapping block device volume labels to their device nodes?",".","70","0","1786479228","**What directory stores symlinks mapping block device volume labels to their device nodes?** answer: /dev/disk/by-label/","0"
"cards","9010","What command creates a file-backed loop device loopback mount for an ISO image file?",".","70","0","1786479228","**What command creates a file-backed loop device loopback mount for an ISO image file?** answer: losetup","0"
"cards","9011","What command mounts an ISO image file directly using the loop option?",".","70","0","1786479228","**What command mounts an ISO image file directly using the loop option?** answer: mount -o loop image.iso /mnt/iso","0"
"cards","9012","What command displays currently active loop devices attached in the system?",".","70","0","1786479228","**What command displays currently active loop devices attached in the system?** answer: losetup -a","0"
"cards","9013","What command detaches a loop device from a file container?",".","70","0","1786479228","**What command detaches a loop device from a file container?** answer: losetup -d /dev/loop0","0"
"cards","9014","What command reports file system utilization metrics including block counts and total blocks using statfs?",".","70","0","1786479228","**What command reports file system utilization metrics including block counts and total blocks using statfs?** answer: stat -f","0"
"cards","9015","What command displays bad blocks or unreadable sectors on a storage partition?",".","70","0","1786479228","**What command displays bad blocks or unreadable sectors on a storage partition?** answer: badblocks -v /dev/sdb1","0"
"cards","9016","What tool tunes parameters, adjusts maximum mount counts, and changes check intervals on ext4 filesystems?",".","70","0","1786479228","**What tool tunes parameters, adjusts maximum mount counts, and changes check intervals on ext4 filesystems?** answer: tune2fs","0"
"cards","9017","What option in tune2fs sets the number of mounts between mandatory fsck checks?",".","70","0","1786479228","**What option in tune2fs sets the number of mounts between mandatory fsck checks?** answer: -c","0"
"cards","9018","What option in tune2fs sets the maximum time interval between mandatory fsck checks?",".","70","0","1786479228","**What option in tune2fs sets the maximum time interval between mandatory fsck checks?** answer: -i","0"
"cards","9019","What command displays superblock backup block locations for an ext4 filesystem?",".","70","0","1786479228","**What command displays superblock backup block locations for an ext4 filesystem?** answer: dumpe2fs /dev/sdb1 | grep superblock","0"
"cards","9020","What command forces an fsck check on an ext4 root filesystem during the next system reboot?",".","70","0","1786479228","**What command forces an fsck check on an ext4 root filesystem during the next system reboot?** answer: shutdown -rF now","0"
"cards","9021","What command sets file access permissions using symbolic modes or octal values?",".","70","0","1786479228","**What command sets file access permissions using symbolic modes or octal values?** answer: chmod","0"
"cards","9022","What command changes the owner user and owner group of a file or directory?",".","70","0","1786479228","**What command changes the owner user and owner group of a file or directory?** answer: chown","0"
"cards","9023","What command changes only the group ownership of a file or directory?",".","70","0","1786479228","**What command changes only the group ownership of a file or directory?** answer: chgrp","0"
"cards","9024","What file permission octal value corresponds to read, write, and execute (rwx)?",".","70","0","1786479228","**What file permission octal value corresponds to read, write, and execute (rwx)?** answer: 7","0"
"cards","9025","What file permission octal value corresponds to read and execute (r-x)?",".","70","0","1786479228","**What file permission octal value corresponds to read and execute (r-x)?** answer: 5","0"
"cards","9026","What file permission octal value corresponds to read-only (r--) permissions?",".","70","0","1786479228","**What file permission octal value corresponds to read-only (r--) permissions?** answer: 4","0"
"cards","9027","What special permission sets the effective user ID to the file owner upon execution (SUID)?",".","70","0","1786479228","**What special permission sets the effective user ID to the file owner upon execution (SUID)?** answer: 4000 (or u+s)","0"
"cards","9028","What special permission sets the effective group ID to the file group upon execution (SGID)?",".","70","0","1786479228","**What special permission sets the effective group ID to the file group upon execution (SGID)?** answer: 2000 (or g+s)","0"
"cards","9029","What special permission restricts file deletion in shared directories to the file owner or root (Sticky Bit)?",".","70","0","1786479228","**What special permission restricts file deletion in shared directories to the file owner or root (Sticky Bit)?** answer: 1000 (or +t)","0"
"cards","9030","What command displays the current user's default permission mask for new files and directories?",".","70","0","1786479228","**What command displays the current user's default permission mask for new files and directories?** answer: umask","0"
"cards","9031","What octal umask value results in new files having default permissions of 644 and directories 755?",".","70","0","1786479228","**What octal umask value results in new files having default permissions of 644 and directories 755?** answer: 022","0"
"cards","9032","What command manages Access Control Lists (ACLs) to provide fine-grained file permissions?",".","70","0","1786479228","**What command manages Access Control Lists (ACLs) to provide fine-grained file permissions?** answer: setfacl","0"
"cards","9033","What command displays current Access Control Lists (ACLs) assigned to a file or directory?",".","70","0","1786479228","**What command displays current Access Control Lists (ACLs) assigned to a file or directory?** answer: getfacl","0"
"cards","9034","What command changes file attributes such as immutable or append-only on ext filesystems?",".","70","0","1786479228","**What command changes file attributes such as immutable or append-only on ext filesystems?** answer: chattr","0"
"cards","9035","What command displays file attributes set by chattr on ext filesystems?",".","70","0","1786479228","**What command displays file attributes set by chattr on ext filesystems?** answer: lsattr","0"
"cards","9036","What chattr attribute makes a file completely immutable, preventing modification, deletion, or renaming?",".","70","0","1786479228","**What chattr attribute makes a file completely immutable, preventing modification, deletion, or renaming?** answer: +i","0"
"cards","9037","What chattr attribute allows data to be added to a file only in append mode?",".","70","0","1786479228","**What chattr attribute allows data to be added to a file only in append mode?** answer: +a","0"
"cards","9038","What command enables disk quotas for a mounted file system?",".","70","0","1786479228","**What command enables disk quotas for a mounted file system?** answer: quotaon","0"
"cards","9039","What command disables disk quotas for a mounted file system?",".","70","0","1786479228","**What command disables disk quotas for a mounted file system?** answer: quotaoff","0"
"cards","9040","What command displays a user's disk quota limits and current usage?",".","70","0","1786479228","**What command displays a user's disk quota limits and current usage?** answer: quota","0"
"cards","9041","What command generates a table of disk usage and checks file systems for quota statistics?",".","70","0","1786479228","**What command generates a table of disk usage and checks file systems for quota statistics?** answer: quotacheck","0"
"cards","9042","What command edits disk quota limits for a specific user account interactively?",".","70","0","1786479228","**What command edits disk quota limits for a specific user account interactively?** answer: edquota","0"
"cards","9043","What command reports disk space usage and quotas for all users across file systems?",".","70","0","1786479228","**What command reports disk space usage and quotas for all users across file systems?** answer: repquota","0"
"cards","9044","What command sets grace periods for soft quota limits on a file system?",".","70","0","1786479228","**What command sets grace periods for soft quota limits on a file system?** answer: edquota -t","0"
"cards","9045","What command copies disk quota settings from one user template to another user?",".","70","0","1786479228","**What command copies disk quota settings from one user template to another user?** answer: edquota -p","0"
"cards","9046","What command displays symbolic links and target pathways for files?",".","70","0","1786479228","**What command displays symbolic links and target pathways for files?** answer: readlink","0"
"cards","9047","What command creates a hard link to an existing file?",".","70","0","1786479228","**What command creates a hard link to an existing file?** answer: ln","0"
"cards","9048","What command creates a symbolic (soft) link to a file or directory?",".","70","0","1786479228","**What command creates a symbolic (soft) link to a file or directory?** answer: ln -s","0"
"cards","9049","What command locates files or directories with specific permission bits set?",".","70","0","1786479228","**What command locates files or directories with specific permission bits set?** answer: find / -perm 644","0"
"cards","9050","What command searches for files owned by a specific user name or UID?",".","70","0","1786479228","**What command searches for files owned by a specific user name or UID?** answer: find /home -user username","0"
"cards","9051","What command searches for files larger than a specified size limit?",".","70","0","1786479228","**What command searches for files larger than a specified size limit?** answer: find /var -size +50M","0"
"cards","9052","What command executes a command on each file found by the find utility?",".","70","0","1786479228","**What command executes a command on each file found by the find utility?** answer: find . -name "*.log" -exec rm {} \;","0"
"cards","9053","What command displays the online manual page (man page) for a command?",".","70","0","1786479228","**What command displays the online manual page (man page) for a command?** answer: man","0"
"cards","9054","What command searches through manual page descriptions for keywords?",".","70","0","1786479228","**What command searches through manual page descriptions for keywords?** answer: man -k","0"
"cards","9055","What command updates the database used by the man search utility (apropos)?",".","70","0","1786479228","**What command updates the database used by the man search utility (apropos)?** answer: mandb","0"
"cards","9056","What command displays short summary descriptions and usage for a command from its apropos database?",".","70","0","1786479228","**What command displays short summary descriptions and usage for a command from its apropos database?** answer: whatis","0"
"cards","9057","What command displays help documentation specifically formatted for GNU core utilities and programs?",".","70","0","1786479228","**What command displays help documentation specifically formatted for GNU core utilities and programs?** answer: info","0"
"cards","9058","What configuration file sets global behavior, search paths, and formatting options for man pages?",".","70","0","1786479228","**What configuration file sets global behavior, search paths, and formatting options for man pages?** answer: /etc/manpath.config","0"
"cards","9059","What environment variable defines the search path directories for manual pages?",".","70","0","1786479228","**What environment variable defines the search path directories for manual pages?** answer: MANPATH","0"
"cards","9060","What command begins a shell script execution with a specific shell interpreter specified in the shebang?",".","70","0","1786479228","**What command begins a shell script execution with a specific shell interpreter specified in the shebang?** answer: #!/bin/bash","0"
"cards","9061","What special character sequence at the very beginning of a script specifies the interpreter (shebang)?",".","70","0","1786479228","**What special character sequence at the very beginning of a script specifies the interpreter (shebang)?** answer: #!","0"
"cards","9062","What command makes a shell script file executable for the user or system?",".","70","0","1786479228","**What command makes a shell script file executable for the user or system?** answer: chmod +x","0"
"cards","9063","What command executes a shell script by invoking the bash interpreter explicitly?",".","70","0","1786479228","**What command executes a shell script by invoking the bash interpreter explicitly?** answer: bash script.sh","0"
"cards","9064","What command evaluates mathematical arithmetic expressions inside a shell script using double parentheses?",".","70","0","1786479228","**What command evaluates mathematical arithmetic expressions inside a shell script using double parentheses?** answer: $(( ))","0"
"cards","9065","What command tests conditions (file existence, string matching, numeric comparisons) in scripts?",".","70","0","1786479228","**What command tests conditions (file existence, string matching, numeric comparisons) in scripts?** answer: test","0"
"cards","9066","What shorthand bracket notation is equivalent to the test command in shell scripts?",".","70","0","1786479228","**What shorthand bracket notation is equivalent to the test command in shell scripts?** answer: [ ... ]","0"
"cards","9067","What advanced conditional bracket construct supports regex matching and eliminates standard shell word splitting bugs?",".","70","0","1786479228","**What advanced conditional bracket construct supports regex matching and eliminates standard shell word splitting bugs?** answer: [[ ... ]]","0"
"cards","9068","What control statement executes a block of commands repeatedly while a condition remains true?",".","70","0","1786479228","**What control statement executes a block of commands repeatedly while a condition remains true?** answer: while","0"
"cards","9069","What control statement executes commands iteratively across a specified list of items?",".","70","0","1786479228","**What control statement executes commands iteratively across a specified list of items?** answer: for","0"
"cards","9070","What control statement branches execution based on matching conditional expressions?",".","70","0","1786479228","**What control statement branches execution based on matching conditional expressions?** answer: if / else","0"
"cards","9071","What control statement provides multi-way branching based on the value of a variable or expression?",".","70","0","1786479228","**What control statement provides multi-way branching based on the value of a variable or expression?** answer: case","0"
"cards","9072","What command reads input from standard input and assigns it to a shell variable?",".","70","0","1786479228","**What command reads input from standard input and assigns it to a shell variable?** answer: read","0"
"cards","9073","What variable holds the total number of positional parameters passed to a shell script?",".","70","0","1786479228","**What variable holds the total number of positional parameters passed to a shell script?** answer: $#","0"
"cards","9074","What variable holds the exit status code of the previously executed command?",".","70","0","1786479228","**What variable holds the exit status code of the previously executed command?** answer: $?","0"
"cards","9075","What variable holds the name of the script itself as executed?",".","70","0","1786479228","**What variable holds the name of the script itself as executed?** answer: $0","0"
"cards","9076","What variable holds the value of the first positional argument passed to a script?",".","70","0","1786479228","**What variable holds the value of the first positional argument passed to a script?** answer: $1","0"
"cards","9077","What variable holds all positional parameters as a single string separated by spaces?",".","70","0","1786479228","**What variable holds all positional parameters as a single string separated by spaces?** answer: $*","0"
"cards","9078","What command exits a shell script immediately, returning a custom integer exit status code?",".","70","0","1786479228","**What command exits a shell script immediately, returning a custom integer exit status code?** answer: exit","0"
"cards","9079","What command defines a reusable block of code or function inside a shell script?",".","70","0","1786479228","**What command defines a reusable block of code or function inside a shell script?** answer: function_name() { ... }","0"
"cards","9080","What command forces the shell script to print each command and its arguments to standard output before running (debugging)?",".","70","0","1786479228","**What command forces the shell script to print each command and its arguments to standard output before running (debugging)?** answer: set -x","0"
"cards","9081","What command disables shell command tracing mode during debugging?",".","70","0","1786479228","**What command disables shell command tracing mode during debugging?** answer: set +x","0"
"cards","9082","What command causes the script to exit immediately if any command exits with a non-zero status code?",".","70","0","1786479228","**What command causes the script to exit immediately if any command exits with a non-zero status code?** answer: set -e","0"
"cards","9083","What command treats unset variables as an error and aborts execution when referenced?",".","70","0","1786479228","**What command treats unset variables as an error and aborts execution when referenced?** answer: set -u","0"
"cards","9084","What command evaluates expressions or commands inside backticks or dollar parentheses to capture output?",".","70","0","1786479228","**What command evaluates expressions or commands inside backticks or dollar parentheses to capture output?** answer: $(command)","0"
"cards","9085","What command displays all exported environment variables in the current shell session?",".","70","0","1786479228","**What command displays all exported environment variables in the current shell session?** answer: printenv","0"
"cards","9086","What command prints the values of all shell variables, environment variables, and shell functions?",".","70","0","1786479228","**What command prints the values of all shell variables, environment variables, and shell functions?** answer: set","0"
"cards","9087","What command lists only local shell variables that are not exported to child processes?",".","70","0","1786479228","**What command lists only local shell variables that are not exported to child processes?** answer: set (without export)","0"
"cards","9088","What command creates or updates an environment variable for current and child processes?",".","70","0","1786479228","**What command creates or updates an environment variable for current and child processes?** answer: export VAR_NAME=value","0"
"cards","9089","What command creates a local shell variable that is not exported to child processes?",".","70","0","1786479228","**What command creates a local shell variable that is not exported to child processes?** answer: VAR_NAME=value","0"
"cards","9090","What command unsets and removes an environment variable or shell variable from memory?",".","70","0","1786479228","**What command unsets and removes an environment variable or shell variable from memory?** answer: unset VAR_NAME","0"
"cards","9091","What type of quoting prevents all shell interpretation of variables and special characters (strong quoting)?",".","70","0","1786479228","**What type of quoting prevents all shell interpretation of variables and special characters (strong quoting)?** answer: Single quotes ('...')","0"
"cards","9092","What type of quoting allows variable expansion and backtick command substitution while preserving literal spaces (weak quoting)?",".","70","0","1786479228","**What type of quoting allows variable expansion and backtick command substitution while preserving literal spaces (weak quoting)?** answer: Double quotes ("...")","0"
"cards","9093","What character escapes a single following special character or newline in the shell?",".","70","0","1786479228","**What character escapes a single following special character or newline in the shell?** answer: Backslash (\)","0"
"cards","9094","What command redirects standard output of a command to a file, overwriting existing content?",".","70","0","1786479228","**What command redirects standard output of a command to a file, overwriting existing content?** answer: >","0"
"cards","9095","What command redirects standard output of a command to a file, appending to existing content?",".","70","0","1786479228","**What command redirects standard output of a command to a file, appending to existing content?** answer: >>","0"
"cards","9096","What command redirects standard error of a command to a file?",".","70","0","1786479228","**What command redirects standard error of a command to a file?** answer: 2>","0"
"cards","9097","What command redirects both standard output and standard error to the same file?",".","70","0","1786479228","**What command redirects both standard output and standard error to the same file?** answer: &> (or >file 2>&1)","0"
"cards","9098","What command redirects standard input from a file into a command?",".","70","0","1786479228","**What command redirects standard input from a file into a command?** answer: <","0"
"cards","9099","What operator passes the standard output of one command as standard input to another?",".","70","0","1786479228","**What operator passes the standard output of one command as standard input to another?** answer: | (pipe)","0"
"cards","9100","What command copies standard input to both standard output and one or more files simultaneously?",".","70","0","1786479228","**What command copies standard input to both standard output and one or more files simultaneously?** answer: tee","0"
"cards","9101","What command translates, squeezes, and/or deletes characters from standard input?",".","70","0","1786479228","**What command translates, squeezes, and/or deletes characters from standard input?** answer: tr","0"
"cards","9102","What command extracts specific sections, columns, or fields from each line of input files?",".","70","0","1786479228","**What command extracts specific sections, columns, or fields from each line of input files?** answer: cut","0"
"cards","9103","What command merges lines of files horizontally side by side, separated by tabs?",".","70","0","1786479228","**What command merges lines of files horizontally side by side, separated by tabs?** answer: paste","0"
"cards","9104","What command joins lines of two files on a common shared field or key?",".","70","0","1786479228","**What command joins lines of two files on a common shared field or key?** answer: join","0"
"cards","9105","What command splits a large file into smaller fixed-size or line-count pieces?",".","70","0","1786479228","**What command splits a large file into smaller fixed-size or line-count pieces?** answer: split","0"
"cards","9106","What command rearranges lines of text files in alphabetical or numeric order?",".","70","0","1786479228","**What command rearranges lines of text files in alphabetical or numeric order?** answer: sort","0"
"cards","9107","What command filters out or counts adjacent duplicate lines in a sorted text stream?",".","70","0","1786479228","**What command filters out or counts adjacent duplicate lines in a sorted text stream?** answer: uniq","0"
"cards","9108","What command counts the total number of lines, words, and bytes in files?",".","70","0","1786479228","**What command counts the total number of lines, words, and bytes in files?** answer: wc","0"
"cards","9109","What command outputs the first specified number of lines from the beginning of a file?",".","70","0","1786479228","**What command outputs the first specified number of lines from the beginning of a file?** answer: head","0"
"cards","9110","What command outputs the last specified number of lines from the end of a file?",".","70","0","1786479228","**What command outputs the last specified number of lines from the end of a file?** answer: tail","0"
"cards","9111","What command follows a growing log file in real-time as new data is appended?",".","70","0","1786479228","**What command follows a growing log file in real-time as new data is appended?** answer: tail -f","0"
"cards","9112","What command translates tabs to spaces or spaces to tabs in text streams?",".","70","0","1786479228","**What command translates tabs to spaces or spaces to tabs in text streams?** answer: expand / unexpand","0"
"cards","9113","What command copies files and directories, preserving permissions and metadata optionally?",".","70","0","1786479228","**What command copies files and directories, preserving permissions and metadata optionally?** answer: cp","0"
"cards","9114","What command moves or renames files and directories within a filesystem?",".","70","0","1786479228","**What command moves or renames files and directories within a filesystem?** answer: mv","0"
"cards","9115","What command removes or deletes files from the filesystem?",".","70","0","1786479228","**What command removes or deletes files from the filesystem?** answer: rm","0"
"cards","9116","What option in rm forces file deletion without prompting and suppresses error messages for non-existent files?",".","70","0","1786479228","**What option in rm forces file deletion without prompting and suppresses error messages for non-existent files?** answer: -f","0"
"cards","9117","What option in rm deletes files and directories recursively?",".","70","0","1786479228","**What option in rm deletes files and directories recursively?** answer: -r (or -R)","0"
"cards","9118","What command creates a new directory or nested directory paths?",".","70","0","1786479228","**What command creates a new directory or nested directory paths?** answer: mkdir","0"
"cards","9119","What option in mkdir creates parent directories automatically if they do not exist?",".","70","0","1786479228","**What option in mkdir creates parent directories automatically if they do not exist?** answer: -p","0"
"cards","9120","What command removes empty directories from the system?",".","70","0","1786479228","**What command removes empty directories from the system?** answer: rmdir","0"
"cards","9121","What wildcard character matches any string of zero or more characters in file globbing?",".","70","0","1786479228","**What wildcard character matches any string of zero or more characters in file globbing?** answer: *","0"
"cards","9122","What wildcard character matches any single arbitrary character in file globbing?",".","70","0","1786479228","**What wildcard character matches any single arbitrary character in file globbing?** answer: ?","0"
"cards","9123","What wildcard bracket expression matches any single character contained within the character class set?",".","70","0","1786479228","**What wildcard bracket expression matches any single character contained within the character class set?** answer: [...]","0"
"cards","9124","What wildcard pattern matches any single character that is NOT inside the specified bracket set?",".","70","0","1786479228","**What wildcard pattern matches any single character that is NOT inside the specified bracket set?** answer: [!...] or [^...]","0"
"cards","9125","What character class in file globbing matches any alphanumeric character ([a-zA-Z0-9])?",".","70","0","1786479228","**What character class in file globbing matches any alphanumeric character ([a-zA-Z0-9])?** answer: [[:alnum:]]","0"
"cards","9126","What character class in file globbing matches any alphabetic character ([a-zA-Z])?",".","70","0","1786479228","**What character class in file globbing matches any alphabetic character ([a-zA-Z])?** answer: [[:alpha:]]","0"
"cards","9127","What character class in file globbing matches any lowercase letter ([a-z])?",".","70","0","1786479228","**What character class in file globbing matches any lowercase letter ([a-z])?** answer: [[:lower:]]","0"
"cards","9128","What character class in file globbing matches any uppercase letter ([A-Z])?",".","70","0","1786479228","**What character class in file globbing matches any uppercase letter ([A-Z])?** answer: [[:upper:]]","0"
"cards","9129","What character class in file globbing matches any decimal digit ([0-9])?",".","70","0","1786479228","**What character class in file globbing matches any decimal digit ([0-9])?** answer: [[:digit:]]","0"
"cards","9130","What character class in file globbing matches any whitespace character (space or tab)?",".","70","0","1786479228","**What character class in file globbing matches any whitespace character (space or tab)?** answer: [[:blank:]]","0"
"cards","9131","What character class in file globbing matches any printable characters including spaces?",".","70","0","1786479228","**What character class in file globbing matches any printable characters including spaces?** answer: [[:print:]]","0"
"cards","9132","What shell option prevents file globbing wildcards from being expanded automatically if no matching files are found?",".","70","0","1786479228","**What shell option prevents file globbing wildcards from being expanded automatically if no matching files are found?** answer: set -f (or noglob)","0"
"cards","9133","What command copies files interactively, prompting the user before overwriting existing destination files?",".","70","0","1786479228","**What command copies files interactively, prompting the user before overwriting existing destination files?** answer: cp -i","0"
"cards","9134","What command moves files interactively, prompting before overwriting existing files?",".","70","0","1786479228","**What command moves files interactively, prompting before overwriting existing files?** answer: mv -i","0"
"cards","9135","What command removes files interactively, prompting the user before deleting each file?",".","70","0","1786479228","**What command removes files interactively, prompting the user before deleting each file?** answer: rm -i","0"
"cards","9136","What command creates an empty file or updates the timestamps of an existing file?",".","70","0","1786479228","**What command creates an empty file or updates the timestamps of an existing file?** answer: touch","0"
"cards","9137","What command displays the disk usage and file type classification for files in a directory?",".","70","0","1786479228","**What command displays the disk usage and file type classification for files in a directory?** answer: file *","0"
"cards","9138","What option in cp copies directories recursively along with all file attributes and permissions?",".","70","0","1786479228","**What option in cp copies directories recursively along with all file attributes and permissions?** answer: cp -a (or cp -R)","0"
"cards","9139","What command archives and compresses a directory tree into a single file simultaneously?",".","70","0","1786479228","**What command archives and compresses a directory tree into a single file simultaneously?** answer: tar -czf archive.tar.gz directory/","0"
"cards","9140","What command extracts a gzipped tar archive while preserving absolute or relative paths?",".","70","0","1786479228","**What command extracts a gzipped tar archive while preserving absolute or relative paths?** answer: tar -xzf archive.tar.gz","0"
"cards","9141","What command creates a zip compressed file archive of a directory?",".","70","0","1786479228","**What command creates a zip compressed file archive of a directory?** answer: zip -r archive.zip directory/","0"
"cards","9142","What command extracts a zip compressed file archive?",".","70","0","1786479228","**What command extracts a zip compressed file archive?** answer: unzip archive.zip","0"
"cards","9143","What command creates a gzipped tar archive file?",".","70","0","1786479228","**What command creates a gzipped tar archive file?** answer: tar -czf file.tar.gz /path/to/dir","0"
"cards","9144","What command extracts a gzipped tar archive file?",".","70","0","1786479228","**What command extracts a gzipped tar archive file?** answer: tar -xzf file.tar.gz","0"
"cards","9145","What command creates a bzipped tar archive file?",".","70","0","1786479228","**What command creates a bzipped tar archive file?** answer: tar -cjf file.tar.bz2 /path/to/dir","0"
"cards","9146","What command extracts a bzipped tar archive file?",".","70","0","1786479228","**What command extracts a bzipped tar archive file?** answer: tar -xjf file.tar.bz2","0"
"cards","9147","What command creates an xz-compressed tar archive file?",".","70","0","1786479228","**What command creates an xz-compressed tar archive file?** answer: tar -cJf file.tar.xz /path/to/dir","0"
"cards","9148","What command extracts an xz-compressed tar archive file?",".","70","0","1786479228","**What command extracts an xz-compressed tar archive file?** answer: tar -xJf file.tar.xz","0"
"cards","9149","What command lists the contents of a tar archive without extracting it?",".","70","0","1786479228","**What command lists the contents of a tar archive without extracting it?** answer: tar -tf file.tar","0"
"cards","9150","What command compresses a single file using the gzip algorithm, replacing the original file?",".","70","0","1786479228","**What command compresses a single file using the gzip algorithm, replacing the original file?** answer: gzip filename","0"
"cards","9151","What command decompresses a .gz file, restoring the original uncompressed file?",".","70","0","1786479228","**What command decompresses a .gz file, restoring the original uncompressed file?** answer: gunzip filename.gz","0"
"cards","9152","What command outputs the compressed content of a file to standard output using gzip without deleting the source?",".","70","0","1786479228","**What command outputs the compressed content of a file to standard output using gzip without deleting the source?** answer: gzip -c filename > filename.gz","0"
"cards","9153","What command compresses a file using bzip2?",".","70","0","1786479228","**What command compresses a file using bzip2?** answer: bzip2 filename","0"
"cards","9154","What command decompresses a .bz2 file?",".","70","0","1786479228","**What command decompresses a .bz2 file?** answer: bunzip2 filename.bz2","0"
"cards","9155","What command compresses a file using xz?",".","70","0","1786479228","**What command compresses a file using xz?** answer: xz filename","0"
"cards","9156","What command decompresses an .xz file?",".","70","0","1786479228","**What command decompresses an .xz file?** answer: unxz filename.xz","0"
"cards","9157","What command compares two files byte by byte, reporting the first matching byte offset where they differ?",".","70","0","1786479228","**What command compares two files byte by byte, reporting the first matching byte offset where they differ?** answer: cmp file1 file2","0"
"cards","9158","What command compares two text files line by line, outputting lines that differ?",".","70","0","1786479228","**What command compares two text files line by line, outputting lines that differ?** answer: diff file1 file2","0"
"cards","9159","What command creates a unified format patch file showing differences between two files or directories?",".","70","0","1786479228","**What command creates a unified format patch file showing differences between two files or directories?** answer: diff -u file1 file2","0"
"cards","9160","What command applies a unified diff patch file to modify target source code files?",".","70","0","1786479228","**What command applies a unified diff patch file to modify target source code files?** answer: patch < patchfile","0"
"cards","9161","What command creates a standard zip archive containing multiple compressed files?",".","70","0","1786479228","**What command creates a standard zip archive containing multiple compressed files?** answer: zip archive.zip file1 file2","0"
"cards","9162","What command extracts files from a zip archive?",".","70","0","1786479228","**What command extracts files from a zip archive?** answer: unzip archive.zip","0"
"cards","9163","What command lists files contained inside a zip archive without extracting them?",".","70","0","1786479228","**What command lists files contained inside a zip archive without extracting them?** answer: unzip -l archive.zip","0"
"cards","9164","What command tests the physical integrity and checksum of files stored in a zip archive?",".","70","0","1786479228","**What command tests the physical integrity and checksum of files stored in a zip archive?** answer: unzip -t archive.zip","0"
"cards","9165","What command finds files and directories across the filesystem based on criteria like name, size, or time?",".","70","0","1786479228","**What command finds files and directories across the filesystem based on criteria like name, size, or time?** answer: find","0"
"cards","9166","What option in find searches for files by their exact or wildcard name pattern?",".","70","0","1786479228","**What option in find searches for files by their exact or wildcard name pattern?** answer: -name","0"
"cards","9167","What option in find performs a case-insensitive name search for files?",".","70","0","1786479228","**What option in find performs a case-insensitive name search for files?** answer: -iname","0"
"cards","9168","What option in find filters files by their user owner name or UID?",".","70","0","1786479228","**What option in find filters files by their user owner name or UID?** answer: -user","0"
"cards","9169","What option in find filters files by their file type (e.g., f for regular file, d for directory)?",".","70","0","1786479228","**What option in find filters files by their file type (e.g., f for regular file, d for directory)?** answer: -type","0"
"cards","9170","What option in find filters files by their exact or relative size (e.g., +10M, -50k)?",".","70","0","1786479228","**What option in find filters files by their exact or relative size (e.g., +10M, -50k)?** answer: -size","0"
"cards","9171","What option in find filters files by their modification time in days?",".","70","0","1786479228","**What option in find filters files by their modification time in days?** answer: -mtime","0"
"cards","9172","What option in find executes a specified shell command on every file found?",".","70","0","1786479228","**What option in find executes a specified shell command on every file found?** answer: -exec","0"
"cards","9173","What command locates files instantly using a prebuilt system database index?",".","70","0","1786479228","**What command locates files instantly using a prebuilt system database index?** answer: locate","0"
"cards","9174","What command updates the database index used by the locate command?",".","70","0","1786479228","**What command updates the database index used by the locate command?** answer: updatedb","0"
"cards","9175","What command prints the full path of shell command binaries, source files, and manuals?",".","70","0","1786479228","**What command prints the full path of shell command binaries, source files, and manuals?** answer: whereis","0"
"cards","9176","What command prints the absolute path of the command binary that will be executed?",".","70","0","1786479228","**What command prints the absolute path of the command binary that will be executed?** answer: which","0"
"cards","9177","What special redirection syntax feeds a multi-line block of text into a command's standard input?",".","70","0","1786479228","**What special redirection syntax feeds a multi-line block of text into a command's standard input?** answer: Here Document (<<)","0"
"cards","9178","What special redirection syntax feeds a single string variable or text into standard input?",".","70","0","1786479228","**What special redirection syntax feeds a single string variable or text into standard input?** answer: Here String (<<<)","0"
"cards","9179","What command passes the standard output of one command as the standard input of another?",".","70","0","1786479228","**What command passes the standard output of one command as the standard input of another?** answer: | (pipe)","0"
"cards","9180","What command captures the standard output of a command and substitutes it into another command line?",".","70","0","1786479228","**What command captures the standard output of a command and substitutes it into another command line?** answer: $(command) or `command`","0"
"cards","9181","What command pauses a running foreground process and sends it to the background as a stopped job?",".","70","0","1786479228","**What command pauses a running foreground process and sends it to the background as a stopped job?** answer: Ctrl + Z","0"
"cards","9182","What command lists all background and stopped jobs in the current shell session?",".","70","0","1786479228","**What command lists all background and stopped jobs in the current shell session?** answer: jobs","0"
"cards","9183","What command resumes a stopped background job in the background?",".","70","0","1786479228","**What command resumes a stopped background job in the background?** answer: bg","0"
"cards","9184","What command brings a background or stopped job into the foreground?",".","70","0","1786479228","**What command brings a background or stopped job into the foreground?** answer: fg","0"
"cards","9185","What command terminates a process by sending a specific signal (default is SIGTERM)?",".","70","0","1786479228","**What command terminates a process by sending a specific signal (default is SIGTERM)?** answer: kill","0"
"cards","9186","What signal number or name requests a graceful termination of a process?",".","70","0","1786479228","**What signal number or name requests a graceful termination of a process?** answer: 15 (SIGTERM)","0"
"cards","9187","What signal number or name forces an immediate, uncatchable termination of a process?",".","70","0","1786479228","**What signal number or name forces an immediate, uncatchable termination of a process?** answer: 9 (SIGKILL)","0"
"cards","9188","What command terminates processes matching a specified command name pattern?",".","70","0","1786479228","**What command terminates processes matching a specified command name pattern?** answer: killall","0"
"cards","9189","What command terminates processes matching exact command line patterns?",".","70","0","1786479228","**What command terminates processes matching exact command line patterns?** answer: pkill","0"
"cards","9190","What command displays real-time, dynamic information about running system processes and resource usage?",".","70","0","1786479228","**What command displays real-time, dynamic information about running system processes and resource usage?** answer: top","0"
"cards","9191","What command serves as an interactive, advanced alternative to top with color coding and process tree views?",".","70","0","1786479228","**What command serves as an interactive, advanced alternative to top with color coding and process tree views?** answer: htop","0"
"cards","9192","What command reports a static snapshot of current process execution and status?",".","70","0","1786479228","**What command reports a static snapshot of current process execution and status?** answer: ps","0"
"cards","9193","What ps option displays all processes running across all users with full format details?",".","70","0","1786479228","**What ps option displays all processes running across all users with full format details?** answer: ps -ef (or ps aux)","0"
"cards","9194","What command displays a real-time hierarchical tree view of running processes?",".","70","0","1786479228","**What command displays a real-time hierarchical tree view of running processes?** answer: pstree","0"
"cards","9195","What command modifies the scheduling priority (nice value) of a newly launched process?",".","70","0","1786479228","**What command modifies the scheduling priority (nice value) of a newly launched process?** answer: nice","0"
"cards","9196","What command modifies the nice priority value of an already running process?",".","70","0","1786479228","**What command modifies the nice priority value of an already running process?** answer: renice","0"
"cards","9197","What command delays script or command execution for a specified number of seconds?",".","70","0","1786479228","**What command delays script or command execution for a specified number of seconds?** answer: sleep","0"
"cards","9198","What terminal multiplexer allows multiple virtual terminal sessions inside a single physical window using GNU Screen?",".","70","0","1786479228","**What terminal multiplexer allows multiple virtual terminal sessions inside a single physical window using GNU Screen?** answer: screen","0"
"cards","9199","What keyboard shortcut prefix starts a command sequence inside GNU Screen?",".","70","0","1786479228","**What keyboard shortcut prefix starts a command sequence inside GNU Screen?** answer: Ctrl + A","0"
"cards","9200","What screen command creates a new detached virtual screen session?",".","70","0","1786479228","**What screen command creates a new detached virtual screen session?** answer: screen -S session_name","0"
"cards","9201","What screen command lists all running screen sessions?",".","70","0","1786479228","**What screen command lists all running screen sessions?** answer: screen -ls","0"
"cards","9202","What screen command reattaches to an existing running screen session?",".","70","0","1786479228","**What screen command reattaches to an existing running screen session?** answer: screen -r session_name","0"
"cards","9203","What screen shortcut key creates a new window within an active screen session?",".","70","0","1786479228","**What screen shortcut key creates a new window within an active screen session?** answer: Ctrl + A, c","0"
"cards","9204","What screen shortcut key cycles forward through open windows in a screen session?",".","70","0","1786479228","**What screen shortcut key cycles forward through open windows in a screen session?** answer: Ctrl + A, n","0"
"cards","9205","What screen shortcut key detaches from the current screen session, leaving it running in the background?",".","70","0","1786479228","**What screen shortcut key detaches from the current screen session, leaving it running in the background?** answer: Ctrl + A, d","0"
"cards","9206","What modern alternative terminal multiplexer provides pane splitting, status bars, and session management out of the box?",".","70","0","1786479228","**What modern alternative terminal multiplexer provides pane splitting, status bars, and session management out of the box?** answer: tmux","0"
"cards","9207","What command starts a new named tmux session?",".","70","0","1786479228","**What command starts a new named tmux session?** answer: tmux new -s session_name","0"
"cards","9208","What command lists all active tmux sessions?",".","70","0","1786479228","**What command lists all active tmux sessions?** answer: tmux ls","0"
"cards","9209","What command reattaches to an existing detached tmux session?",".","70","0","1786479228","**What command reattaches to an existing detached tmux session?** answer: tmux attach -t session_name","0"
"cards","9210","What default keyboard shortcut prefix key sequence initiates tmux commands?",".","70","0","1786479228","**What default keyboard shortcut prefix key sequence initiates tmux commands?** answer: Ctrl + B","0"
"cards","9211","What tmux shortcut key splits the current window horizontally into two panes?",".","70","0","1786479228","**What tmux shortcut key splits the current window horizontally into two panes?** answer: Ctrl + B, %","0"
"cards","9212","What tmux shortcut key splits the current window vertically into two panes?",".","70","0","1786479228","**What tmux shortcut key splits the current window vertically into two panes?** answer: Ctrl + B, "","0"
"cards","9213","What tmux shortcut key navigates between different panes in a tmux window?",".","70","0","1786479228","**What tmux shortcut key navigates between different panes in a tmux window?** answer: Ctrl + B, Arrow Keys (or Ctrl + B, o)","0"
"cards","9214","What tmux shortcut key closes the currently active pane?",".","70","0","1786479228","**What tmux shortcut key closes the currently active pane?** answer: Ctrl + B, x (or typing exit)","0"
"cards","9215","What tmux shortcut key detaches from the active tmux session, leaving it running in the background?",".","70","0","1786479228","**What tmux shortcut key detaches from the active tmux session, leaving it running in the background?** answer: Ctrl + B, d","0"
"cards","9216","What tmux shortcut key creates a new virtual window inside the current session?",".","70","0","1786479228","**What tmux shortcut key creates a new virtual window inside the current session?** answer: Ctrl + B, c","0"
"cards","9217","What tmux shortcut key switches to the next window in the session?",".","70","0","1786479228","**What tmux shortcut key switches to the next window in the session?** answer: Ctrl + B, n","0"
"cards","9218","What tmux shortcut key switches to the previous window in the session?",".","70","0","1786479228","**What tmux shortcut key switches to the previous window in the session?** answer: Ctrl + B, p","0"
"cards","9219","What command displays real-time memory and swap usage statistics in a clean summary format?",".","70","0","1786479228","**What command displays real-time memory and swap usage statistics in a clean summary format?** answer: free -h","0"
"cards","9220","What command displays file system disk space usage and mount volumes in human-readable format?",".","70","0","1786479228","**What command displays file system disk space usage and mount volumes in human-readable format?** answer: df -h","0"
"cards","9221","What command reports virtual memory statistics, CPU activity, and paging metrics continuously?",".","70","0","1786479228","**What command reports virtual memory statistics, CPU activity, and paging metrics continuously?** answer: vmstat","0"
"cards","9222","What command reports I/O statistics for storage devices, disks, and partitions?",".","70","0","1786479228","**What command reports I/O statistics for storage devices, disks, and partitions?** answer: iostat","0"
"cards","9223","What command monitors real-time network bandwidth utilization and traffic per network interface?",".","70","0","1786479228","**What command monitors real-time network bandwidth utilization and traffic per network interface?** answer: iftop (or sar, nload)","0"
"cards","9224","What tmux command starts a new session with a custom session name?",".","70","0","1786479228","**What tmux command starts a new session with a custom session name?** answer: tmux new -s name","0"
"cards","9225","What tmux command lists all running tmux sessions?",".","70","0","1786479228","**What tmux command lists all running tmux sessions?** answer: tmux ls","0"
"cards","9226","What tmux command attaches to a detached tmux session?",".","70","0","1786479228","**What tmux command attaches to a detached tmux session?** answer: tmux attach -t name","0"
"cards","9227","What key combination is the default prefix for tmux commands?",".","70","0","1786479228","**What key combination is the default prefix for tmux commands?** answer: Ctrl + B","0"
"cards","9228","What tmux shortcut key splits the current window horizontally into two panes?",".","70","0","1786479228","**What tmux shortcut key splits the current window horizontally into two panes?** answer: Ctrl + B, "","0"
"cards","9229","What tmux shortcut key splits the current window vertically into two panes?",".","70","0","1786479228","**What tmux shortcut key splits the current window vertically into two panes?** answer: Ctrl + B, %","0"
"cards","9230","What tmux shortcut key moves the cursor focus between active panes?",".","70","0","1786479228","**What tmux shortcut key moves the cursor focus between active panes?** answer: Ctrl + B, Arrow Keys","0"
"cards","9231","What tmux shortcut key detaches from the active session and leaves it running in the background?",".","70","0","1786479228","**What tmux shortcut key detaches from the active session and leaves it running in the background?** answer: Ctrl + B, d","0"
"cards","9232","What tmux shortcut key creates a new virtual window within the current session?",".","70","0","1786479228","**What tmux shortcut key creates a new virtual window within the current session?** answer: Ctrl + B, c","0"
"cards","9233","What tmux shortcut key closes the currently active pane or window?",".","70","0","1786479228","**What tmux shortcut key closes the currently active pane or window?** answer: Ctrl + B, x","0"
"cards","9234","What term defines the scheduling priority value assigned to a process in Linux, affecting CPU allocation?",".","70","0","1786479228","**What term defines the scheduling priority value assigned to a process in Linux, affecting CPU allocation?** answer: Nice value (niceness)","0"
"cards","9235","What is the default nice value assigned to standard user processes launched in Linux?",".","70","0","1786479228","**What is the default nice value assigned to standard user processes launched in Linux?** answer: 0","0"
"cards","9236","What is the range of nice values available in Linux, where lower numbers mean higher priority?",".","70","0","1786479228","**What is the range of nice values available in Linux, where lower numbers mean higher priority?** answer: -20 to 19","0"
"cards","9237","What is the maximum high-priority (lowest nice number) that a standard non-root user can set?",".","70","0","1786479228","**What is the maximum high-priority (lowest nice number) that a standard non-root user can set?** answer: 0 (or they can only increase niceness unless granted limits)","0"
"cards","9238","What command starts a new command with a modified nice priority?",".","70","0","1786479228","**What command starts a new command with a modified nice priority?** answer: nice -n 10 command","0"
"cards","9239","What command modifies the nice priority of an already running process by its PID?",".","70","0","1786479228","**What command modifies the nice priority of an already running process by its PID?** answer: renice 5 -p 1234","0"
"cards","9240","What command displays the current nice values (NI column) of running processes?",".","70","0","1786479228","**What command displays the current nice values (NI column) of running processes?** answer: ps -o pid,ni,comm","0"
"cards","9241","What regular expression metacharacter matches any single character except a newline?",".","70","0","1786479228","**What regular expression metacharacter matches any single character except a newline?** answer: .","0"
"cards","9242","What regular expression metacharacter matches zero or one occurrence of the preceding element?",".","70","0","1786479228","**What regular expression metacharacter matches zero or one occurrence of the preceding element?** answer: ?","0"
"cards","9243","What regular expression metacharacter matches one or more occurrences of the preceding element?",".","70","0","1786479228","**What regular expression metacharacter matches one or more occurrences of the preceding element?** answer: +","0"
"cards","9244","What regular expression metacharacter matches zero or more occurrences of the preceding element?",".","70","0","1786479228","**What regular expression metacharacter matches zero or more occurrences of the preceding element?** answer: *","0"
"cards","9245","What regular expression syntax matches an exact number or range of repetitions (bounds)?",".","70","0","1786479228","**What regular expression syntax matches an exact number or range of repetitions (bounds)?** answer: \{n,m\}","0"
"cards","9246","What regular expression metacharacter anchors a pattern to the beginning of a line?",".","70","0","1786479228","**What regular expression metacharacter anchors a pattern to the beginning of a line?** answer: ^","0"
"cards","9247","What regular expression metacharacter anchors a pattern to the end of a line?",".","70","0","1786479228","**What regular expression metacharacter anchors a pattern to the end of a line?** answer: $","0"
"cards","9248","What regular expression metacharacter provides alternation (logical OR)?",".","70","0","1786479228","**What regular expression metacharacter provides alternation (logical OR)?** answer: |","0"
"cards","9249","What bracket expression in regular expressions matches any single digit from 0 to 9?",".","70","0","1786479228","**What bracket expression in regular expressions matches any single digit from 0 to 9?** answer: [0-9] (or [[:digit:]])","0"
"cards","9250","What command searches for text patterns using regular expressions?",".","70","0","1786479228","**What command searches for text patterns using regular expressions?** answer: grep","0"
"cards","9251","What grep option enables Extended Regular Expressions (ERE) without needing backslashes?",".","70","0","1786479228","**What grep option enables Extended Regular Expressions (ERE) without needing backslashes?** answer: -E (or egrep)","0"
"cards","9252","What grep option searches files recursively through directories?",".","70","0","1786479228","**What grep option searches files recursively through directories?** answer: -r","0"
"cards","9253","What stream editor performs non-interactive text substitution, deletion, and filtering?",".","70","0","1786479228","**What stream editor performs non-interactive text substitution, deletion, and filtering?** answer: sed","0"
"cards","9254","What sed command and flag replaces the first occurrence of a pattern on each line with a new string?",".","70","0","1786479228","**What sed command and flag replaces the first occurrence of a pattern on each line with a new string?** answer: sed 's/old/new/'","0"
"cards","9255","What sed command and flag replaces all occurrences of a pattern on each line globally?",".","70","0","1786479228","**What sed command and flag replaces all occurrences of a pattern on each line globally?** answer: sed 's/old/new/g'","0"
"cards","9256","What sed option allows multiple transformation expressions to be chained together?",".","70","0","1786479228","**What sed option allows multiple transformation expressions to be chained together?** answer: -e","0"
"cards","9257","What text editor is a standard, modal command-line editor available on virtually all Unix-like systems?",".","70","0","1786479228","**What text editor is a standard, modal command-line editor available on virtually all Unix-like systems?** answer: vi (or vim)","0"
"cards","9258","What mode in Vim is used for typing text and writing content into a file?",".","70","0","1786479228","**What mode in Vim is used for typing text and writing content into a file?** answer: Insert Mode","0"
"cards","9259","What mode in Vim is the default mode used for navigation, deleting text, and issuing editor commands?",".","70","0","1786479228","**What mode in Vim is the default mode used for navigation, deleting text, and issuing editor commands?** answer: Normal Mode","0"
"cards","9260","What keyboard key switches Vim from Normal Mode into Insert Mode?",".","70","0","1786479228","**What keyboard key switches Vim from Normal Mode into Insert Mode?** answer: i (or a, o)","0"
"cards","9261","What keyboard key switches Vim from Insert Mode back into Normal Mode?",".","70","0","1786479228","**What keyboard key switches Vim from Insert Mode back into Normal Mode?** answer: Esc","0"
"cards","9262","What prefix character is used in Vim Normal Mode to execute colon commands at the bottom prompt?",".","70","0","1786479228","**What prefix character is used in Vim Normal Mode to execute colon commands at the bottom prompt?** answer: : (colon)","0"
"cards","9263","What colon command saves a file in Vim without exiting?",".","70","0","1786479228","**What colon command saves a file in Vim without exiting?** answer: :w","0"
"cards","9264","What colon command exits the Vim editor without saving changes?",".","70","0","1786479228","**What colon command exits the Vim editor without saving changes?** answer: :q!","0"
"cards","9265","What colon command writes changes and quits Vim simultaneously?",".","70","0","1786479228","**What colon command writes changes and quits Vim simultaneously?** answer: :wq (or :x)","0"
"cards","9266","What alternative lightweight, user-friendly text editor features menu shortcuts at the bottom of the screen?",".","70","0","1786479228","**What alternative lightweight, user-friendly text editor features menu shortcuts at the bottom of the screen?** answer: nano","0"
"cards","9267","What are the two primary partitioning schemes used for hard drives and storage devices in Linux?",".","70","0","1786479228","**What are the two primary partitioning schemes used for hard drives and storage devices in Linux?** answer: MBR (Master Boot Record) and GPT (GUID Partition Table)","0"
"cards","9268","What limitation does the traditional MBR partitioning scheme have regarding maximum primary partitions?",".","70","0","1786479228","**What limitation does the traditional MBR partitioning scheme have regarding maximum primary partitions?** answer: Limited to 4 primary partitions (or 3 primary + 1 extended containing logical partitions)","0"
"cards","9269","What storage size limit does an MBR partition table traditionally struggle with due to 32-bit sector counting?",".","70","0","1786479228","**What storage size limit does an MBR partition table traditionally struggle with due to 32-bit sector counting?** answer: 2 TB limit","0"
"cards","9270","What modern partitioning scheme replaces MBR, supporting massive disk sizes and up to 128 primary partitions?",".","70","0","1786479228","**What modern partitioning scheme replaces MBR, supporting massive disk sizes and up to 128 primary partitions?** answer: GPT (GUID Partition Table)","0"
"cards","9271","What command-line utility creates and manages MBR and GPT partition tables interactively or via arguments?",".","70","0","1786479228","**What command-line utility creates and manages MBR and GPT partition tables interactively or via arguments?** answer: parted","0"
"cards","9272","What command sets a new partition table type (such as gpt) on a disk using parted?",".","70","0","1786479228","**What command sets a new partition table type (such as gpt) on a disk using parted?** answer: parted /dev/sdb mklabel gpt","0"
"cards","9273","What command creates a new partition spanning a specific size or percentage using parted?",".","70","0","1786479228","**What command creates a new partition spanning a specific size or percentage using parted?** answer: parted /dev/sdb mkpart primary ext4 0% 100%","0"
"cards","9274","What command formats a newly created partition with an ext4 filesystem?",".","70","0","1786479228","**What command formats a newly created partition with an ext4 filesystem?** answer: mkfs.ext4 (or mkfs -t ext4)","0"
"cards","9275","What command formats a partition with the high-performance XFS filesystem?",".","70","0","1786479228","**What command formats a partition with the high-performance XFS filesystem?** answer: mkfs.xfs","0"
"cards","9276","What command formats a partition as swap space for virtual memory?",".","70","0","1786479228","**What command formats a partition as swap space for virtual memory?** answer: mkswap","0"
"cards","9277","What command enables a swap partition for system use?",".","70","0","1786479228","**What command enables a swap partition for system use?** answer: swapon /dev/sdb2","0"
"cards","9278","What command disables an active swap partition?",".","70","0","1786479228","**What command disables an active swap partition?** answer: swapoff /dev/sdb2","0"
"cards","9279","What command checks an ext4 filesystem for errors and repairs structural corruption?",".","70","0","1786479228","**What command checks an ext4 filesystem for errors and repairs structural corruption?** answer: fsck","0"
"cards","9280","What command checks and repairs an XFS filesystem?",".","70","0","1786479228","**What command checks and repairs an XFS filesystem?** answer: xfs_repair","0"
"cards","9281","What command reports disk space usage and free space across all mounted filesystems in a human-readable format?",".","70","0","1786479228","**What command reports disk space usage and free space across all mounted filesystems in a human-readable format?** answer: df -h","0"
"cards","9282","What command reports inode usage instead of block usage across mounted filesystems?",".","70","0","1786479228","**What command reports inode usage instead of block usage across mounted filesystems?** answer: df -i","0"
"cards","9283","What command summarizes disk space consumed by files and directories recursively?",".","70","0","1786479228","**What command summarizes disk space consumed by files and directories recursively?** answer: du -sh /path/to/directory","0"
"cards","9284","What file defines static filesystems, mount points, devices, and options loaded at system boot time?",".","70","0","1786479228","**What file defines static filesystems, mount points, devices, and options loaded at system boot time?** answer: /etc/fstab","0"
"cards","9285","What command mounts a filesystem device to a specified target mount point directory?",".","70","0","1786479228","**What command mounts a filesystem device to a specified target mount point directory?** answer: mount /dev/sdb1 /mnt/data","0"
"cards","9286","What command unmounts a currently mounted filesystem from its directory tree?",".","70","0","1786479228","**What command unmounts a currently mounted filesystem from its directory tree?** answer: umount /mnt/data","0"
"cards","9287","What mount option in /etc/fstab specifies that a filesystem should not be mounted automatically during system boot or via mount -a?",".","70","0","1786479228","**What mount option in /etc/fstab specifies that a filesystem should not be mounted automatically during system boot or via mount -a?** answer: noauto","0"
"cards","9288","What mount option in /etc/fstab restricts write access, mounting the filesystem as read-only?",".","70","0","1786479228","**What mount option in /etc/fstab restricts write access, mounting the filesystem as read-only?** answer: ro","0"
"cards","9289","What syntax is used in /etc/fstab to reference a filesystem by its unique identifier instead of device names like /dev/sdb1?",".","70","0","1786479228","**What syntax is used in /etc/fstab to reference a filesystem by its unique identifier instead of device names like /dev/sdb1?** answer: UUID=your-uuid-here","0"
"cards","9290","What syntax is used in /etc/fstab to reference a filesystem by its assigned volume label?",".","70","0","1786479228","**What syntax is used in /etc/fstab to reference a filesystem by its assigned volume label?** answer: LABEL=your-label-here","0"
"cards","9291","What modern system and service manager can also handle mount points automatically using special .mount unit configuration files?",".","70","0","1786479228","**What modern system and service manager can also handle mount points automatically using special .mount unit configuration files?** answer: systemd","0"
"cards","9292","What command displays detailed file status information, including inode numbers, permissions, links, UID, GID, and timestamps?",".","70","0","1786479228","**What command displays detailed file status information, including inode numbers, permissions, links, UID, GID, and timestamps?** answer: stat","0"
"cards","9293","What option in ls lists hidden files whose filenames begin with a dot (.)?",".","70","0","1786479228","**What option in ls lists hidden files whose filenames begin with a dot (.)?** answer: -a (or -la)","0"
"cards","9294","What file type indicator character in ls -l output represents a standard file?",".","70","0","1786479228","**What file type indicator character in ls -l output represents a standard file?** answer: - (hyphen)","0"
"cards","9295","What file type indicator character in ls -l output represents a directory?",".","70","0","1786479228","**What file type indicator character in ls -l output represents a directory?** answer: d","0"
"cards","9296","What file type indicator character in ls -l output represents a symbolic link?",".","70","0","1786479228","**What file type indicator character in ls -l output represents a symbolic link?** answer: l","0"
"cards","9297","What command changes the owner user and/or group of a file or directory?",".","70","0","1786479228","**What command changes the owner user and/or group of a file or directory?** answer: chown","0"
"cards","9298","What command changes only the group ownership of a file or directory?",".","70","0","1786479228","**What command changes only the group ownership of a file or directory?** answer: chgrp","0"
"cards","9299","What octal permission value corresponds to read, write, and execute (rwx)?",".","70","0","1786479228","**What octal permission value corresponds to read, write, and execute (rwx)?** answer: 7","0"
"cards","9300","What octal permission value corresponds to read and execute (r-x)?",".","70","0","1786479228","**What octal permission value corresponds to read and execute (r-x)?** answer: 5","0"
"cards","9301","What special permission sets the effective user ID to the file owner upon execution (SUID)?",".","70","0","1786479228","**What special permission sets the effective user ID to the file owner upon execution (SUID)?** answer: 4000 (or u+s)","0"
"cards","9302","What special permission sets the effective group ID to the file group upon execution (SGID)?",".","70","0","1786479228","**What special permission sets the effective group ID to the file group upon execution (SGID)?** answer: 2000 (or g+s)","0"
"cards","9303","What special permission restricts file deletion in shared directories to the file owner or root (Sticky Bit)?",".","70","0","1786479228","**What special permission restricts file deletion in shared directories to the file owner or root (Sticky Bit)?** answer: 1000 (or +t)","0"
"cards","9304","What command controls the default permission mask applied to newly created files and directories?",".","70","0","1786479228","**What command controls the default permission mask applied to newly created files and directories?** answer: umask","0"
"cards","9305","What hard link characteristic prevents hard links from pointing across different filesystem partitions?",".","70","0","1786479228","**What hard link characteristic prevents hard links from pointing across different filesystem partitions?** answer: Hard links share the exact same inode number and must reside on the same filesystem.","0"
"cards","9306","What command creates a hard link to an existing file?",".","70","0","1786479228","**What command creates a hard link to an existing file?** answer: ln target linkname","0"
"cards","9307","What command creates a symbolic (soft) link pointing to a file or directory path?",".","70","0","1786479228","**What command creates a symbolic (soft) link pointing to a file or directory path?** answer: ln -s target linkname","0"
"cards","9308","What standard document defines the directory layout and location of configuration files, binaries, and logs in Linux systems?",".","70","0","1786479228","**What standard document defines the directory layout and location of configuration files, binaries, and logs in Linux systems?** answer: FHS (Filesystem Hierarchy Standard)","0"
"cards","9309","What FHS directory contains essential system binaries required for single-user mode and system repair?",".","70","0","1786479228","**What FHS directory contains essential system binaries required for single-user mode and system repair?** answer: /bin (or /usr/bin)","0"
"cards","9310","What FHS directory contains static boot loader files and the Linux kernel image?",".","70","0","1786479228","**What FHS directory contains static boot loader files and the Linux kernel image?** answer: /boot","0"
"cards","9311","What FHS directory contains device node files representing hardware peripherals?",".","70","0","1786479228","**What FHS directory contains device node files representing hardware peripherals?** answer: /dev","0"
"cards","9312","What FHS directory contains system-wide configuration files?",".","70","0","1786479228","**What FHS directory contains system-wide configuration files?** answer: /etc","0"
"cards","9313","What FHS directory contains home directories for normal user accounts?",".","70","0","1786479228","**What FHS directory contains home directories for normal user accounts?** answer: /home","0"
"cards","9314","What FHS directory contains essential shared libraries and kernel modules?",".","70","0","1786479228","**What FHS directory contains essential shared libraries and kernel modules?** answer: /lib (or /usr/lib)","0"
"cards","9315","What FHS directory serves as a temporary mount point for removable storage media?",".","70","0","1786479228","**What FHS directory serves as a temporary mount point for removable storage media?** answer: /media","0"
"cards","9316","What FHS directory is traditionally used for manually installed software packages?",".","70","0","1786479228","**What FHS directory is traditionally used for manually installed software packages?** answer: /opt","0"
"cards","9317","What FHS directory contains virtual filesystems providing kernel and process runtime information?",".","70","0","1786479228","**What FHS directory contains virtual filesystems providing kernel and process runtime information?** answer: /proc","0"
"cards","9318","What FHS directory serves as the home directory for the root superuser?",".","70","0","1786479228","**What FHS directory serves as the home directory for the root superuser?** answer: /root","0"
"cards","9319","What FHS directory contains system administration binaries reserved for root?",".","70","0","1786479228","**What FHS directory contains system administration binaries reserved for root?** answer: /sbin (or /usr/sbin)","0"
"cards","9320","What FHS directory stores temporary files that may be cleared during reboots?",".","70","0","1786479228","**What FHS directory stores temporary files that may be cleared during reboots?** answer: /tmp","0"
"cards","9321","What FHS directory contains multi-user read-only application data, command binaries, and libraries?",".","70","0","1786479228","**What FHS directory contains multi-user read-only application data, command binaries, and libraries?** answer: /usr","0"
"cards","9322","What FHS directory contains variable data files such as logs, spools, and databases?",".","70","0","1786479228","**What FHS directory contains variable data files such as logs, spools, and databases?** answer: /var","0"
"media_schema","uid","file","mime"
"media_link_card_schema","uid","fileId","cardId"
"tags_schema","uid","tag_name","emoji","color"
"tags_link_card_schema","uid","tagId","cardId"
